niveau,cle_unique,sexe,year,pathologie,code_pathologie,nom_pathologie,departement,code_departement,nom_departement,tranche_age_0_1,tranche_age_1_4,tranche_age_5_14,tranche_age_15_24,tranche_age_25_34,tranche_age_35_44,tranche_age_45_54,tranche_age_55_64,tranche_age_65_74,tranche_age_75_84,tranche_age_85_et_plus,tranche_age_tous_ages
Départements,01 - Ain_1001_Ensemble,Ensemble,12/31/2022,01001-Maladies intestinales infectieuses,1001,Maladies intestinales infectieuses,01 - Ain,1,Ain,113,372,113,37,48,30,33,40,59,76,83,1004
Départements,01 - Ain_1001_Ensemble,Ensemble,12/31/2021,01001-Maladies intestinales infectieuses,1001,Maladies intestinales infectieuses,01 - Ain,1,Ain,96,282,81,48,32,36,34,48,77,76,80,890
Départements,01 - Ain_1001_Ensemble,Ensemble,12/31/2020,01001-Maladies intestinales infectieuses,1001,Maladies intestinales infectieuses,01 - Ain,1,Ain,74,122,57,27,39,37,35,51,79,100,86,707
Départements,01 - Ain_1001_Ensemble,Ensemble,12/31/2019,01001-Maladies intestinales infectieuses,1001,Maladies intestinales infectieuses,01 - Ain,1,Ain,182,272,110,59,44,41,45,48,84,97,84,1066
Départements,01 - Ain_1001_Ensemble,Ensemble,12/31/2018,01001-Maladies intestinales infectieuses,1001,Maladies intestinales infectieuses,01 - Ain,1,Ain,179,241,96,59,40,33,50,62,59,99,87,1005
Départements,01 - Ain_1002_Ensemble,Ensemble,12/31/2022,01002-Tuberculose,1002,Tuberculose,01 - Ain,1,Ain,0,4,0,4,9,7,0,0,13,5,0,47
Départements,01 - Ain_1002_Ensemble,Ensemble,12/31/2018,01002-Tuberculose,1002,Tuberculose,01 - Ain,1,Ain,0,4,5,5,6,0,4,4,4,6,5,44
Départements,01 - Ain_1002_Ensemble,Ensemble,12/31/2021,01002-Tuberculose,1002,Tuberculose,01 - Ain,1,Ain,0,0,0,0,10,5,0,3,4,4,0,31
Départements,01 - Ain_1002_Ensemble,Ensemble,12/31/2020,01002-Tuberculose,1002,Tuberculose,01 - Ain,1,Ain,0,0,0,0,18,3,0,3,0,0,0,32
Départements,01 - Ain_1002_Ensemble,Ensemble,12/31/2019,01002-Tuberculose,1002,Tuberculose,01 - Ain,1,Ain,0,0,0,3,0,8,8,3,8,4,4,43
Départements,01 - Ain_1003_Ensemble,Ensemble,12/31/2020,01003-Septicémies,1003,Septicémies,01 - Ain,1,Ain,0,3,3,3,3,7,19,39,66,69,68,281
Départements,01 - Ain_1003_Ensemble,Ensemble,12/31/2021,01003-Septicémies,1003,Septicémies,01 - Ain,1,Ain,3,0,4,0,3,7,17,24,61,52,36,209
Départements,01 - Ain_1003_Ensemble,Ensemble,12/31/2022,01003-Septicémies,1003,Septicémies,01 - Ain,1,Ain,0,0,5,6,0,12,12,22,40,49,40,191
Départements,01 - Ain_1003_Ensemble,Ensemble,12/31/2018,01003-Septicémies,1003,Septicémies,01 - Ain,1,Ain,4,5,3,7,4,11,13,42,50,59,58,256
Départements,01 - Ain_1003_Ensemble,Ensemble,12/31/2019,01003-Septicémies,1003,Septicémies,01 - Ain,1,Ain,0,0,8,10,4,15,18,34,68,73,46,280
Départements,01 - Ain_1004_Ensemble,Ensemble,12/31/2019,01004-Mal.sexuellement transmissibles,1004,Mal.sexuellement transmissibles,01 - Ain,1,Ain,0,0,0,24,49,24,27,7,6,0,0,141
Départements,01 - Ain_1004_Ensemble,Ensemble,12/31/2022,01004-Mal.sexuellement transmissibles,1004,Mal.sexuellement transmissibles,01 - Ain,1,Ain,0,0,0,17,27,41,19,16,6,0,0,128
Départements,01 - Ain_1004_Ensemble,Ensemble,12/31/2021,01004-Mal.sexuellement transmissibles,1004,Mal.sexuellement transmissibles,01 - Ain,1,Ain,0,0,0,23,30,25,20,15,10,3,0,126
Départements,01 - Ain_1004_Ensemble,Ensemble,12/31/2018,01004-Mal.sexuellement transmissibles,1004,Mal.sexuellement transmissibles,01 - Ain,1,Ain,0,0,0,20,36,21,27,8,13,0,0,126
Départements,01 - Ain_1004_Ensemble,Ensemble,12/31/2020,01004-Mal.sexuellement transmissibles,1004,Mal.sexuellement transmissibles,01 - Ain,1,Ain,0,0,0,10,36,31,19,9,5,0,0,112
Départements,01 - Ain_1005_Ensemble,Ensemble,12/31/2020,01005-Hépatites virales,1005,Hépatites virales,01 - Ain,1,Ain,0,0,0,5,4,3,3,4,0,0,0,21
Départements,01 - Ain_1005_Ensemble,Ensemble,12/31/2022,01005-Hépatites virales,1005,Hépatites virales,01 - Ain,1,Ain,0,0,0,5,6,0,3,0,0,0,0,21
Départements,01 - Ain_1005_Ensemble,Ensemble,12/31/2019,01005-Hépatites virales,1005,Hépatites virales,01 - Ain,1,Ain,0,0,0,0,4,7,0,6,0,0,0,26
Départements,01 - Ain_1005_Ensemble,Ensemble,12/31/2018,01005-Hépatites virales,1005,Hépatites virales,01 - Ain,1,Ain,0,0,3,4,4,0,3,0,3,0,0,22
Départements,01 - Ain_1005_Ensemble,Ensemble,12/31/2021,01005-Hépatites virales,1005,Hépatites virales,01 - Ain,1,Ain,0,0,0,3,0,5,0,3,0,0,0,18
Départements,01 - Ain_1006_Ensemble,Ensemble,12/31/2019,01006-Maladies dues au V.I.H.,1006,Maladies dues au V.I.H.,01 - Ain,1,Ain,0,0,0,0,0,0,3,0,0,0,0,6
Départements,01 - Ain_1006_Ensemble,Ensemble,12/31/2021,01006-Maladies dues au V.I.H.,1006,Maladies dues au V.I.H.,01 - Ain,1,Ain,0,0,0,0,0,0,0,0,0,0,0,3
Départements,01 - Ain_1006_Ensemble,Ensemble,12/31/2020,01006-Maladies dues au V.I.H.,1006,Maladies dues au V.I.H.,01 - Ain,1,Ain,0,0,0,0,0,0,3,0,0,0,0,5
Départements,01 - Ain_1006_Ensemble,Ensemble,12/31/2022,01006-Maladies dues au V.I.H.,1006,Maladies dues au V.I.H.,01 - Ain,1,Ain,0,0,0,0,0,3,0,0,0,0,0,6
Départements,01 - Ain_1006_Ensemble,Ensemble,12/31/2018,01006-Maladies dues au V.I.H.,1006,Maladies dues au V.I.H.,01 - Ain,1,Ain,0,0,0,0,0,0,0,4,0,0,0,8
Départements,01 - Ain_10075_Ensemble,Ensemble,12/31/2019,10075-Affections aiguës voies respir. sup.,10075,Affections aiguës voies respir. sup.,01 - Ain,1,Ain,188,157,64,31,15,22,15,16,18,5,5,536
Départements,01 - Ain_10075_Ensemble,Ensemble,12/31/2020,10075-Affections aiguës voies respir. sup.,10075,Affections aiguës voies respir. sup.,01 - Ain,1,Ain,91,92,17,17,18,8,7,8,12,4,6,280
Départements,01 - Ain_10075_Ensemble,Ensemble,12/31/2018,10075-Affections aiguës voies respir. sup.,10075,Affections aiguës voies respir. sup.,01 - Ain,1,Ain,146,147,65,33,31,13,15,17,8,6,0,483
Départements,01 - Ain_10075_Ensemble,Ensemble,12/31/2021,10075-Affections aiguës voies respir. sup.,10075,Affections aiguës voies respir. sup.,01 - Ain,1,Ain,93,144,26,14,17,6,9,10,5,6,0,332
Départements,01 - Ain_10075_Ensemble,Ensemble,12/31/2022,10075-Affections aiguës voies respir. sup.,10075,Affections aiguës voies respir. sup.,01 - Ain,1,Ain,124,182,63,17,13,16,8,12,11,5,0,451
Départements,01 - Ain_10076_Ensemble,Ensemble,12/31/2018,10076-Pneumonie,10076,Pneumonie,01 - Ain,1,Ain,25,80,45,28,47,65,83,180,298,367,533,1751
Départements,01 - Ain_10076_Ensemble,Ensemble,12/31/2020,10076-Pneumonie,10076,Pneumonie,01 - Ain,1,Ain,10,43,34,33,47,52,85,140,254,282,432,1412
Départements,01 - Ain_10076_Ensemble,Ensemble,12/31/2019,10076-Pneumonie,10076,Pneumonie,01 - Ain,1,Ain,26,70,47,43,47,56,95,189,277,431,625,1906
Départements,01 - Ain_10076_Ensemble,Ensemble,12/31/2021,10076-Pneumonie,10076,Pneumonie,01 - Ain,1,Ain,22,68,29,12,30,45,75,147,229,244,306,1207
Départements,01 - Ain_10076_Ensemble,Ensemble,12/31/2022,10076-Pneumonie,10076,Pneumonie,01 - Ain,1,Ain,23,81,29,23,32,48,83,156,273,303,407,1458
Départements,01 - Ain_10077_Ensemble,Ensemble,12/31/2018,10077-Bronchite et bronchiolite aiguës,10077,Bronchite et bronchiolite aiguës,01 - Ain,1,Ain,418,106,15,0,7,10,21,36,67,70,120,872
Départements,01 - Ain_10077_Ensemble,Ensemble,12/31/2021,10077-Bronchite et bronchiolite aiguës,10077,Bronchite et bronchiolite aiguës,01 - Ain,1,Ain,543,109,4,4,0,7,7,20,27,17,28,768
Départements,01 - Ain_10077_Ensemble,Ensemble,12/31/2022,10077-Bronchite et bronchiolite aiguës,10077,Bronchite et bronchiolite aiguës,01 - Ain,1,Ain,550,98,8,0,6,7,8,13,29,42,56,819
Départements,01 - Ain_10077_Ensemble,Ensemble,12/31/2019,10077-Bronchite et bronchiolite aiguës,10077,Bronchite et bronchiolite aiguës,01 - Ain,1,Ain,435,97,12,4,7,7,16,26,59,81,117,861
Départements,01 - Ain_10077_Ensemble,Ensemble,12/31/2020,10077-Bronchite et bronchiolite aiguës,10077,Bronchite et bronchiolite aiguës,01 - Ain,1,Ain,265,83,9,0,3,9,17,12,22,35,57,514
Départements,01 - Ain_10078_Ensemble,Ensemble,12/31/2022,10078-Mal.chron.amygdales_végé.adénoïdes,10078,Mal.chron.amygdales_végé.adénoïdes,01 - Ain,1,Ain,0,467,383,49,36,16,5,7,3,0,0,967
Départements,01 - Ain_10078_Ensemble,Ensemble,12/31/2019,10078-Mal.chron.amygdales_végé.adénoïdes,10078,Mal.chron.amygdales_végé.adénoïdes,01 - Ain,1,Ain,0,453,373,57,53,18,16,4,4,0,0,979
Départements,01 - Ain_10078_Ensemble,Ensemble,12/31/2021,10078-Mal.chron.amygdales_végé.adénoïdes,10078,Mal.chron.amygdales_végé.adénoïdes,01 - Ain,1,Ain,0,332,248,66,36,25,14,9,8,0,0,739
Départements,01 - Ain_10078_Ensemble,Ensemble,12/31/2018,10078-Mal.chron.amygdales_végé.adénoïdes,10078,Mal.chron.amygdales_végé.adénoïdes,01 - Ain,1,Ain,0,440,438,61,42,31,14,18,3,0,0,1048
Départements,01 - Ain_10078_Ensemble,Ensemble,12/31/2020,10078-Mal.chron.amygdales_végé.adénoïdes,10078,Mal.chron.amygdales_végé.adénoïdes,01 - Ain,1,Ain,0,236,245,38,25,23,11,6,5,0,0,591
Départements,01 - Ain_10079_Ensemble,Ensemble,12/31/2022,10079-Asthme,10079,Asthme,01 - Ain,1,Ain,35,181,85,22,28,24,31,10,15,4,7,442
Départements,01 - Ain_10079_Ensemble,Ensemble,12/31/2020,10079-Asthme,10079,Asthme,01 - Ain,1,Ain,11,107,65,19,16,19,20,10,11,16,15,309
Départements,01 - Ain_10079_Ensemble,Ensemble,12/31/2019,10079-Asthme,10079,Asthme,01 - Ain,1,Ain,22,113,72,25,25,22,24,23,23,11,19,379
Départements,01 - Ain_10079_Ensemble,Ensemble,12/31/2018,10079-Asthme,10079,Asthme,01 - Ain,1,Ain,25,148,88,23,21,21,19,23,25,26,23,442
Départements,01 - Ain_10079_Ensemble,Ensemble,12/31/2021,10079-Asthme,10079,Asthme,01 - Ain,1,Ain,21,193,91,41,18,13,31,17,9,9,12,455
Départements,01 - Ain_10080_Ensemble,Ensemble,12/31/2020,10080-Bronchite chron._mal.pulm.obst.chron,10080,Bronchite chron._mal.pulm.obst.chron,01 - Ain,1,Ain,3,0,0,0,4,10,36,115,171,143,111,594
Départements,01 - Ain_10080_Ensemble,Ensemble,12/31/2019,10080-Bronchite chron._mal.pulm.obst.chron,10080,Bronchite chron._mal.pulm.obst.chron,01 - Ain,1,Ain,0,0,4,7,0,15,42,156,232,271,201,931
Départements,01 - Ain_10080_Ensemble,Ensemble,12/31/2018,10080-Bronchite chron._mal.pulm.obst.chron,10080,Bronchite chron._mal.pulm.obst.chron,01 - Ain,1,Ain,0,0,0,0,0,11,47,123,210,203,188,789
Départements,01 - Ain_10080_Ensemble,Ensemble,12/31/2022,10080-Bronchite chron._mal.pulm.obst.chron,10080,Bronchite chron._mal.pulm.obst.chron,01 - Ain,1,Ain,0,0,0,3,0,16,37,118,176,179,94,627
Départements,01 - Ain_10080_Ensemble,Ensemble,12/31/2021,10080-Bronchite chron._mal.pulm.obst.chron,10080,Bronchite chron._mal.pulm.obst.chron,01 - Ain,1,Ain,0,0,0,0,0,7,41,103,204,131,79,568
Départements,01 - Ain_10081_Ensemble,Ensemble,12/31/2022,10081-Pleurésie,10081,Pleurésie,01 - Ain,1,Ain,0,0,0,7,6,23,25,36,64,70,61,293
Départements,01 - Ain_10081_Ensemble,Ensemble,12/31/2018,10081-Pleurésie,10081,Pleurésie,01 - Ain,1,Ain,0,0,0,0,4,8,18,53,67,62,59,273
Départements,01 - Ain_10081_Ensemble,Ensemble,12/31/2020,10081-Pleurésie,10081,Pleurésie,01 - Ain,1,Ain,3,0,0,8,5,13,25,25,63,71,55,271
Départements,01 - Ain_10081_Ensemble,Ensemble,12/31/2021,10081-Pleurésie,10081,Pleurésie,01 - Ain,1,Ain,0,0,0,0,8,11,21,40,67,55,70,278
Départements,01 - Ain_10081_Ensemble,Ensemble,12/31/2019,10081-Pleurésie,10081,Pleurésie,01 - Ain,1,Ain,0,0,4,0,4,6,23,52,65,64,56,276
Départements,01 - Ain_11074_Ensemble,Ensemble,12/31/2022,11074-Hémorroïdes (à partir de 2015),11074,Hémorroïdes (à partir de 2015),01 - Ain,1,Ain,0,0,0,15,63,152,157,138,95,30,4,654
Départements,01 - Ain_11074_Ensemble,Ensemble,12/31/2018,11074-Hémorroïdes (à partir de 2015),11074,Hémorroïdes (à partir de 2015),01 - Ain,1,Ain,0,0,0,12,69,146,185,144,101,22,7,687
Départements,01 - Ain_11074_Ensemble,Ensemble,12/31/2021,11074-Hémorroïdes (à partir de 2015),11074,Hémorroïdes (à partir de 2015),01 - Ain,1,Ain,0,0,0,17,85,159,180,142,76,34,3,696
Départements,01 - Ain_11074_Ensemble,Ensemble,12/31/2019,11074-Hémorroïdes (à partir de 2015),11074,Hémorroïdes (à partir de 2015),01 - Ain,1,Ain,0,0,0,12,60,139,175,138,86,34,8,652
Départements,01 - Ain_11074_Ensemble,Ensemble,12/31/2020,11074-Hémorroïdes (à partir de 2015),11074,Hémorroïdes (à partir de 2015),01 - Ain,1,Ain,0,0,0,4,48,112,126,110,64,23,8,495
Départements,01 - Ain_11082_Ensemble,Ensemble,12/31/2021,11082-Maladies des dents et du parodonte,11082,Maladies des dents et du parodonte,01 - Ain,1,Ain,0,21,450,2962,471,242,156,127,92,53,23,4597
Départements,01 - Ain_11082_Ensemble,Ensemble,12/31/2020,11082-Maladies des dents et du parodonte,11082,Maladies des dents et du parodonte,01 - Ain,1,Ain,0,15,383,1999,314,181,134,114,70,43,18,3271
Départements,01 - Ain_11082_Ensemble,Ensemble,12/31/2019,11082-Maladies des dents et du parodonte,11082,Maladies des dents et du parodonte,01 - Ain,1,Ain,0,30,530,2807,566,271,233,194,109,67,19,4826
Départements,01 - Ain_11082_Ensemble,Ensemble,12/31/2022,11082-Maladies des dents et du parodonte,11082,Maladies des dents et du parodonte,01 - Ain,1,Ain,0,28,460,2809,507,235,189,123,121,52,41,4566
Départements,01 - Ain_11082_Ensemble,Ensemble,12/31/2018,11082-Maladies des dents et du parodonte,11082,Maladies des dents et du parodonte,01 - Ain,1,Ain,0,31,524,2687,569,254,238,170,125,65,32,4695
Départements,01 - Ain_11083_Ensemble,Ensemble,12/31/2018,11083-Maladies de l'oesophage,11083,Maladies de l'oesophage,01 - Ain,1,Ain,71,8,10,26,56,94,187,203,202,78,35,970
Départements,01 - Ain_11083_Ensemble,Ensemble,12/31/2022,11083-Maladies de l'oesophage,11083,Maladies de l'oesophage,01 - Ain,1,Ain,35,18,21,25,67,100,168,223,208,86,31,982
Départements,01 - Ain_11083_Ensemble,Ensemble,12/31/2021,11083-Maladies de l'oesophage,11083,Maladies de l'oesophage,01 - Ain,1,Ain,37,19,21,35,65,126,211,232,200,84,17,1047
Départements,01 - Ain_11083_Ensemble,Ensemble,12/31/2020,11083-Maladies de l'oesophage,11083,Maladies de l'oesophage,01 - Ain,1,Ain,44,28,13,29,50,70,155,185,158,73,18,823
Départements,01 - Ain_11083_Ensemble,Ensemble,12/31/2019,11083-Maladies de l'oesophage,11083,Maladies de l'oesophage,01 - Ain,1,Ain,47,17,25,30,62,77,196,187,187,62,23,913
Départements,01 - Ain_11084_Ensemble,Ensemble,12/31/2019,11084-Ulcères de l'estomac et du duodénum,11084,Ulcères de l'estomac et du duodénum,01 - Ain,1,Ain,0,0,0,4,11,17,24,35,41,26,18,177
Départements,01 - Ain_11084_Ensemble,Ensemble,12/31/2022,11084-Ulcères de l'estomac et du duodénum,11084,Ulcères de l'estomac et du duodénum,01 - Ain,1,Ain,0,0,0,0,17,20,23,29,31,45,29,198
Départements,01 - Ain_11084_Ensemble,Ensemble,12/31/2021,11084-Ulcères de l'estomac et du duodénum,11084,Ulcères de l'estomac et du duodénum,01 - Ain,1,Ain,0,0,0,4,15,19,38,37,51,34,21,219
Départements,01 - Ain_11084_Ensemble,Ensemble,12/31/2020,11084-Ulcères de l'estomac et du duodénum,11084,Ulcères de l'estomac et du duodénum,01 - Ain,1,Ain,0,0,0,7,7,11,26,36,35,31,20,173
Départements,01 - Ain_11084_Ensemble,Ensemble,12/31/2018,11084-Ulcères de l'estomac et du duodénum,11084,Ulcères de l'estomac et du duodénum,01 - Ain,1,Ain,0,0,0,5,10,20,40,39,59,37,23,233
Départements,01 - Ain_11085_Ensemble,Ensemble,12/31/2020,11085-Appendicite,11085,Appendicite,01 - Ain,1,Ain,0,6,191,165,103,79,80,50,39,8,7,728
Départements,01 - Ain_11085_Ensemble,Ensemble,12/31/2018,11085-Appendicite,11085,Appendicite,01 - Ain,1,Ain,0,4,155,166,101,72,57,51,33,15,5,659
Départements,01 - Ain_11085_Ensemble,Ensemble,12/31/2019,11085-Appendicite,11085,Appendicite,01 - Ain,1,Ain,0,10,208,176,116,70,55,45,34,13,8,735
Départements,01 - Ain_11085_Ensemble,Ensemble,12/31/2021,11085-Appendicite,11085,Appendicite,01 - Ain,1,Ain,0,7,192,176,101,87,53,57,30,11,10,724
Départements,01 - Ain_11085_Ensemble,Ensemble,12/31/2022,11085-Appendicite,11085,Appendicite,01 - Ain,1,Ain,0,10,183,177,121,89,57,41,28,20,9,735
Départements,01 - Ain_11086_Ensemble,Ensemble,12/31/2018,11086-Hernie abdominale,11086,Hernie abdominale,01 - Ain,1,Ain,37,43,34,49,129,256,413,535,568,260,89,2413
Départements,01 - Ain_11086_Ensemble,Ensemble,12/31/2022,11086-Hernie abdominale,11086,Hernie abdominale,01 - Ain,1,Ain,32,38,32,29,107,267,384,522,566,321,74,2372
Départements,01 - Ain_11086_Ensemble,Ensemble,12/31/2020,11086-Hernie abdominale,11086,Hernie abdominale,01 - Ain,1,Ain,38,36,37,30,110,216,309,392,431,200,85,1884
Départements,01 - Ain_11086_Ensemble,Ensemble,12/31/2019,11086-Hernie abdominale,11086,Hernie abdominale,01 - Ain,1,Ain,24,42,38,40,154,259,370,525,526,292,94,2364
Départements,01 - Ain_11086_Ensemble,Ensemble,12/31/2021,11086-Hernie abdominale,11086,Hernie abdominale,01 - Ain,1,Ain,30,33,46,47,119,213,407,474,505,285,84,2243
Départements,01 - Ain_11087_Ensemble,Ensemble,12/31/2021,11087-Occlusion sans mention de hernie,11087,Occlusion sans mention de hernie,01 - Ain,1,Ain,0,21,13,16,23,19,44,93,120,111,127,589
Départements,01 - Ain_11087_Ensemble,Ensemble,12/31/2018,11087-Occlusion sans mention de hernie,11087,Occlusion sans mention de hernie,01 - Ain,1,Ain,16,17,18,12,20,32,54,91,86,118,170,634
Départements,01 - Ain_11087_Ensemble,Ensemble,12/31/2019,11087-Occlusion sans mention de hernie,11087,Occlusion sans mention de hernie,01 - Ain,1,Ain,6,22,13,14,14,38,74,85,126,118,158,668
Départements,01 - Ain_11087_Ensemble,Ensemble,12/31/2020,11087-Occlusion sans mention de hernie,11087,Occlusion sans mention de hernie,01 - Ain,1,Ain,14,14,13,19,22,37,64,106,141,106,125,661
Départements,01 - Ain_11087_Ensemble,Ensemble,12/31/2022,11087-Occlusion sans mention de hernie,11087,Occlusion sans mention de hernie,01 - Ain,1,Ain,6,20,13,12,29,39,42,82,132,125,122,622
Départements,01 - Ain_11088_Ensemble,Ensemble,12/31/2018,11088-Diverticulose intestinale,11088,Diverticulose intestinale,01 - Ain,1,Ain,0,0,0,4,14,105,265,435,476,215,56,1570
Départements,01 - Ain_11088_Ensemble,Ensemble,12/31/2020,11088-Diverticulose intestinale,11088,Diverticulose intestinale,01 - Ain,1,Ain,0,0,0,3,17,61,177,313,357,201,55,1184
Départements,01 - Ain_11088_Ensemble,Ensemble,12/31/2022,11088-Diverticulose intestinale,11088,Diverticulose intestinale,01 - Ain,1,Ain,0,0,0,4,14,70,186,358,387,211,38,1268
Départements,01 - Ain_11088_Ensemble,Ensemble,12/31/2021,11088-Diverticulose intestinale,11088,Diverticulose intestinale,01 - Ain,1,Ain,0,0,0,0,18,96,187,379,417,219,41,1357
Départements,01 - Ain_11088_Ensemble,Ensemble,12/31/2019,11088-Diverticulose intestinale,11088,Diverticulose intestinale,01 - Ain,1,Ain,0,0,0,0,17,71,249,405,456,209,59,1468
Départements,01 - Ain_11089_Ensemble,Ensemble,12/31/2020,11089-Fistule_abcès rég. anale et rectale,11089,Fistule_abcès rég. anale et rectale,01 - Ain,1,Ain,6,0,0,31,74,88,69,40,26,14,0,352
Départements,01 - Ain_11089_Ensemble,Ensemble,12/31/2018,11089-Fistule_abcès rég. anale et rectale,11089,Fistule_abcès rég. anale et rectale,01 - Ain,1,Ain,6,4,7,26,64,111,59,50,20,14,4,365
Départements,01 - Ain_11089_Ensemble,Ensemble,12/31/2019,11089-Fistule_abcès rég. anale et rectale,11089,Fistule_abcès rég. anale et rectale,01 - Ain,1,Ain,8,0,0,39,72,101,77,52,33,5,4,392
Départements,01 - Ain_11089_Ensemble,Ensemble,12/31/2021,11089-Fistule_abcès rég. anale et rectale,11089,Fistule_abcès rég. anale et rectale,01 - Ain,1,Ain,3,0,0,24,74,96,89,47,37,11,0,384
Départements,01 - Ain_11089_Ensemble,Ensemble,12/31/2022,11089-Fistule_abcès rég. anale et rectale,11089,Fistule_abcès rég. anale et rectale,01 - Ain,1,Ain,5,0,0,18,52,99,76,56,31,18,4,361
Départements,01 - Ain_11090_Ensemble,Ensemble,12/31/2019,11090-Cirrhose et maladies chron.du foie,11090,Cirrhose et maladies chron.du foie,01 - Ain,1,Ain,0,0,0,0,6,9,36,64,53,37,4,210
Départements,01 - Ain_11090_Ensemble,Ensemble,12/31/2020,11090-Cirrhose et maladies chron.du foie,11090,Cirrhose et maladies chron.du foie,01 - Ain,1,Ain,0,0,0,0,9,24,26,54,69,10,3,197
Départements,01 - Ain_11090_Ensemble,Ensemble,12/31/2018,11090-Cirrhose et maladies chron.du foie,11090,Cirrhose et maladies chron.du foie,01 - Ain,1,Ain,0,0,0,0,6,12,31,60,65,16,0,192
Départements,01 - Ain_11090_Ensemble,Ensemble,12/31/2022,11090-Cirrhose et maladies chron.du foie,11090,Cirrhose et maladies chron.du foie,01 - Ain,1,Ain,0,0,0,0,6,26,59,62,43,22,5,223
Départements,01 - Ain_11090_Ensemble,Ensemble,12/31/2021,11090-Cirrhose et maladies chron.du foie,11090,Cirrhose et maladies chron.du foie,01 - Ain,1,Ain,0,0,0,0,9,18,43,77,63,28,0,241
Départements,01 - Ain_11091_Ensemble,Ensemble,12/31/2019,11091-Lithiase biliaire,11091,Lithiase biliaire,01 - Ain,1,Ain,3,0,0,57,162,188,215,235,246,196,103,1407
Départements,01 - Ain_11091_Ensemble,Ensemble,12/31/2020,11091-Lithiase biliaire,11091,Lithiase biliaire,01 - Ain,1,Ain,0,0,5,49,157,180,231,236,269,186,80,1393
Départements,01 - Ain_11091_Ensemble,Ensemble,12/31/2021,11091-Lithiase biliaire,11091,Lithiase biliaire,01 - Ain,1,Ain,0,0,7,45,165,175,243,257,250,191,109,1443
Départements,01 - Ain_11091_Ensemble,Ensemble,12/31/2018,11091-Lithiase biliaire,11091,Lithiase biliaire,01 - Ain,1,Ain,0,0,6,42,168,214,220,247,261,173,115,1446
Départements,01 - Ain_11091_Ensemble,Ensemble,12/31/2022,11091-Lithiase biliaire,11091,Lithiase biliaire,01 - Ain,1,Ain,0,0,0,64,175,206,206,233,259,195,109,1449
Départements,01 - Ain_11092_Ensemble,Ensemble,12/31/2018,11092-Hémorragie dig.sans mention ulcère,11092,Hémorragie dig.sans mention ulcère,01 - Ain,1,Ain,0,0,5,8,11,15,22,39,50,62,59,272
Départements,01 - Ain_11092_Ensemble,Ensemble,12/31/2019,11092-Hémorragie dig.sans mention ulcère,11092,Hémorragie dig.sans mention ulcère,01 - Ain,1,Ain,4,3,6,7,9,17,19,31,39,53,72,260
Départements,01 - Ain_11092_Ensemble,Ensemble,12/31/2020,11092-Hémorragie dig.sans mention ulcère,11092,Hémorragie dig.sans mention ulcère,01 - Ain,1,Ain,3,0,0,5,9,14,21,34,48,47,40,223
Départements,01 - Ain_11092_Ensemble,Ensemble,12/31/2021,11092-Hémorragie dig.sans mention ulcère,11092,Hémorragie dig.sans mention ulcère,01 - Ain,1,Ain,0,3,4,5,3,19,24,29,54,53,40,235
Départements,01 - Ain_11092_Ensemble,Ensemble,12/31/2022,11092-Hémorragie dig.sans mention ulcère,11092,Hémorragie dig.sans mention ulcère,01 - Ain,1,Ain,0,0,0,3,7,8,19,23,65,59,49,236
Départements,01 - Ain_12093_Ensemble,Ensemble,12/31/2021,12093-Infections peau_tissu cell.ss-cutané,12093,Infections peau_tissu cell.ss,01 - Ain,1,Ain,3,12,44,378,207,122,74,77,78,42,30,1067
Départements,01 - Ain_12093_Ensemble,Ensemble,12/31/2020,12093-Infections peau_tissu cell.ss-cutané,12093,Infections peau_tissu cell.ss,01 - Ain,1,Ain,3,18,40,304,187,96,87,84,66,45,24,954
Départements,01 - Ain_12093_Ensemble,Ensemble,12/31/2018,12093-Infections peau_tissu cell.ss-cutané,12093,Infections peau_tissu cell.ss,01 - Ain,1,Ain,7,25,49,324,213,116,83,97,73,60,31,1078
Départements,01 - Ain_12093_Ensemble,Ensemble,12/31/2022,12093-Infections peau_tissu cell.ss-cutané,12093,Infections peau_tissu cell.ss,01 - Ain,1,Ain,3,18,54,275,179,118,84,98,73,48,42,992
Départements,01 - Ain_12093_Ensemble,Ensemble,12/31/2019,12093-Infections peau_tissu cell.ss-cutané,12093,Infections peau_tissu cell.ss,01 - Ain,1,Ain,0,43,54,340,202,96,98,86,82,45,30,1077
Départements,01 - Ain_13094_Ensemble,Ensemble,12/31/2018,13094-Arthrite rhumatoïde sauf colonne,13094,Arthrite rhumatoïde sauf colonne,01 - Ain,1,Ain,0,0,0,5,3,11,14,25,32,17,9,117
Départements,01 - Ain_13094_Ensemble,Ensemble,12/31/2019,13094-Arthrite rhumatoïde sauf colonne,13094,Arthrite rhumatoïde sauf colonne,01 - Ain,1,Ain,0,3,0,0,0,6,11,21,33,13,6,95
Départements,01 - Ain_13094_Ensemble,Ensemble,12/31/2021,13094-Arthrite rhumatoïde sauf colonne,13094,Arthrite rhumatoïde sauf colonne,01 - Ain,1,Ain,0,0,8,0,3,3,14,19,33,15,7,105
Départements,01 - Ain_13094_Ensemble,Ensemble,12/31/2022,13094-Arthrite rhumatoïde sauf colonne,13094,Arthrite rhumatoïde sauf colonne,01 - Ain,1,Ain,0,5,6,5,3,6,9,19,27,18,5,103
Départements,01 - Ain_13094_Ensemble,Ensemble,12/31/2020,13094-Arthrite rhumatoïde sauf colonne,13094,Arthrite rhumatoïde sauf colonne,01 - Ain,1,Ain,0,0,3,0,5,6,12,15,19,8,3,75
Départements,01 - Ain_13095_Ensemble,Ensemble,12/31/2018,13095-Autres arthropathies,13095,Autres arthropathies,01 - Ain,1,Ain,4,14,17,12,26,45,60,82,112,101,104,577
Départements,01 - Ain_13095_Ensemble,Ensemble,12/31/2022,13095-Autres arthropathies,13095,Autres arthropathies,01 - Ain,1,Ain,3,17,14,22,18,38,52,84,141,149,93,631
Départements,01 - Ain_13095_Ensemble,Ensemble,12/31/2020,13095-Autres arthropathies,13095,Autres arthropathies,01 - Ain,1,Ain,4,16,6,20,16,25,48,81,128,125,84,553
Départements,01 - Ain_13095_Ensemble,Ensemble,12/31/2019,13095-Autres arthropathies,13095,Autres arthropathies,01 - Ain,1,Ain,0,17,6,14,23,29,48,99,145,124,107,613
Départements,01 - Ain_13095_Ensemble,Ensemble,12/31/2021,13095-Autres arthropathies,13095,Autres arthropathies,01 - Ain,1,Ain,5,13,16,14,29,40,47,71,137,137,79,588
Départements,01 - Ain_13096_Ensemble,Ensemble,12/31/2022,13096-Arthroses sauf de la colonne,13096,Arthroses sauf de la colonne,01 - Ain,1,Ain,0,0,0,10,16,56,195,649,997,656,158,2738
Départements,01 - Ain_13096_Ensemble,Ensemble,12/31/2020,13096-Arthroses sauf de la colonne,13096,Arthroses sauf de la colonne,01 - Ain,1,Ain,0,0,0,7,25,45,173,493,750,539,135,2167
Départements,01 - Ain_13096_Ensemble,Ensemble,12/31/2019,13096-Arthroses sauf de la colonne,13096,Arthroses sauf de la colonne,01 - Ain,1,Ain,0,0,0,6,24,46,245,572,990,652,165,2700
Départements,01 - Ain_13096_Ensemble,Ensemble,12/31/2021,13096-Arthroses sauf de la colonne,13096,Arthroses sauf de la colonne,01 - Ain,1,Ain,0,0,0,7,13,56,239,610,982,634,158,2701
Départements,01 - Ain_13096_Ensemble,Ensemble,12/31/2018,13096-Arthroses sauf de la colonne,13096,Arthroses sauf de la colonne,01 - Ain,1,Ain,0,0,0,12,16,51,239,650,983,684,166,2802
Départements,01 - Ain_13097_Ensemble,Ensemble,12/31/2020,13097-Autres lésions articulaires,13097,Autres lésions articulaires,01 - Ain,1,Ain,0,4,31,329,291,307,417,346,166,51,22,1964
Départements,01 - Ain_13097_Ensemble,Ensemble,12/31/2021,13097-Autres lésions articulaires,13097,Autres lésions articulaires,01 - Ain,1,Ain,0,7,35,396,298,398,452,435,228,79,29,2357
Départements,01 - Ain_13097_Ensemble,Ensemble,12/31/2022,13097-Autres lésions articulaires,13097,Autres lésions articulaires,01 - Ain,1,Ain,0,6,33,491,387,355,450,425,206,86,20,2459
Départements,01 - Ain_13097_Ensemble,Ensemble,12/31/2018,13097-Autres lésions articulaires,13097,Autres lésions articulaires,01 - Ain,1,Ain,0,0,39,444,371,419,540,409,227,93,39,2583
Départements,01 - Ain_13097_Ensemble,Ensemble,12/31/2019,13097-Autres lésions articulaires,13097,Autres lésions articulaires,01 - Ain,1,Ain,0,8,54,483,382,405,526,416,221,85,39,2619
Départements,01 - Ain_13098_Ensemble,Ensemble,12/31/2022,13098-Spondylopathies,13098,Spondylopathies,01 - Ain,1,Ain,0,0,0,11,14,34,74,94,157,126,63,575
Départements,01 - Ain_13098_Ensemble,Ensemble,12/31/2020,13098-Spondylopathies,13098,Spondylopathies,01 - Ain,1,Ain,0,0,3,6,22,43,84,96,131,112,49,546
Départements,01 - Ain_13098_Ensemble,Ensemble,12/31/2019,13098-Spondylopathies,13098,Spondylopathies,01 - Ain,1,Ain,0,3,0,3,19,48,76,80,133,102,60,524
Départements,01 - Ain_13098_Ensemble,Ensemble,12/31/2021,13098-Spondylopathies,13098,Spondylopathies,01 - Ain,1,Ain,0,0,0,4,13,47,80,83,137,125,75,565
Départements,01 - Ain_13098_Ensemble,Ensemble,12/31/2018,13098-Spondylopathies,13098,Spondylopathies,01 - Ain,1,Ain,0,0,0,7,19,47,96,103,148,127,71,620
Départements,01 - Ain_13099_Ensemble,Ensemble,12/31/2022,13099-Hernie discale,13099,Hernie discale,01 - Ain,1,Ain,0,0,0,6,67,153,167,125,80,27,9,634
Départements,01 - Ain_13099_Ensemble,Ensemble,12/31/2019,13099-Hernie discale,13099,Hernie discale,01 - Ain,1,Ain,0,0,0,8,78,152,203,145,95,35,10,726
Départements,01 - Ain_13099_Ensemble,Ensemble,12/31/2020,13099-Hernie discale,13099,Hernie discale,01 - Ain,1,Ain,0,0,0,11,60,143,184,106,83,31,8,626
Départements,01 - Ain_13099_Ensemble,Ensemble,12/31/2018,13099-Hernie discale,13099,Hernie discale,01 - Ain,1,Ain,0,0,0,5,64,143,174,102,71,32,15,607
Départements,01 - Ain_13099_Ensemble,Ensemble,12/31/2021,13099-Hernie discale,13099,Hernie discale,01 - Ain,1,Ain,0,0,0,10,69,146,190,119,84,38,11,667
Départements,01 - Ain_13100_Ensemble,Ensemble,12/31/2022,13100-Autres affections origine vertébrale,13100,Autres affections origine vertébrale,01 - Ain,1,Ain,0,0,4,22,46,95,116,102,88,105,94,674
Départements,01 - Ain_13100_Ensemble,Ensemble,12/31/2018,13100-Autres affections origine vertébrale,13100,Autres affections origine vertébrale,01 - Ain,1,Ain,0,0,3,35,87,86,158,120,106,123,100,818
Départements,01 - Ain_13100_Ensemble,Ensemble,12/31/2019,13100-Autres affections origine vertébrale,13100,Autres affections origine vertébrale,01 - Ain,1,Ain,0,0,4,26,57,102,118,113,113,110,108,753
Départements,01 - Ain_13100_Ensemble,Ensemble,12/31/2021,13100-Autres affections origine vertébrale,13100,Autres affections origine vertébrale,01 - Ain,1,Ain,0,3,4,21,62,86,115,134,117,88,100,730
Départements,01 - Ain_13100_Ensemble,Ensemble,12/31/2020,13100-Autres affections origine vertébrale,13100,Autres affections origine vertébrale,01 - Ain,1,Ain,0,0,4,17,49,82,102,94,105,111,77,641
Départements,01 - Ain_13101_Ensemble,Ensemble,12/31/2019,13101-Affections des tissus mous,13101,Affections des tissus mous,01 - Ain,1,Ain,0,14,47,128,156,265,535,691,448,184,125,2594
Départements,01 - Ain_13101_Ensemble,Ensemble,12/31/2020,13101-Affections des tissus mous,13101,Affections des tissus mous,01 - Ain,1,Ain,0,22,36,86,130,244,449,621,363,159,107,2217
Départements,01 - Ain_13101_Ensemble,Ensemble,12/31/2021,13101-Affections des tissus mous,13101,Affections des tissus mous,01 - Ain,1,Ain,0,24,37,95,177,287,556,731,415,188,127,2637
Départements,01 - Ain_13101_Ensemble,Ensemble,12/31/2022,13101-Affections des tissus mous,13101,Affections des tissus mous,01 - Ain,1,Ain,0,15,48,119,145,250,478,664,507,185,115,2528
Départements,01 - Ain_13101_Ensemble,Ensemble,12/31/2018,13101-Affections des tissus mous,13101,Affections des tissus mous,01 - Ain,1,Ain,0,18,55,100,156,278,615,693,408,191,126,2641
Départements,01 - Ain_13102_Ensemble,Ensemble,12/31/2018,13102-Ostéopathies et chondropathies,13102,Ostéopathies et chondropathies,01 - Ain,1,Ain,0,0,17,56,43,68,85,108,104,125,119,727
Départements,01 - Ain_13102_Ensemble,Ensemble,12/31/2022,13102-Ostéopathies et chondropathies,13102,Ostéopathies et chondropathies,01 - Ain,1,Ain,0,8,18,48,47,52,79,96,129,123,130,731
Départements,01 - Ain_13102_Ensemble,Ensemble,12/31/2019,13102-Ostéopathies et chondropathies,13102,Ostéopathies et chondropathies,01 - Ain,1,Ain,3,5,20,47,37,73,84,102,97,135,120,723
Départements,01 - Ain_13102_Ensemble,Ensemble,12/31/2021,13102-Ostéopathies et chondropathies,13102,Ostéopathies et chondropathies,01 - Ain,1,Ain,0,9,32,52,36,42,71,105,116,111,117,693
Départements,01 - Ain_13102_Ensemble,Ensemble,12/31/2020,13102-Ostéopathies et chondropathies,13102,Ostéopathies et chondropathies,01 - Ain,1,Ain,0,0,21,38,29,44,40,108,100,88,100,570
Départements,01 - Ain_13103_Ensemble,Ensemble,12/31/2021,13103-Déformations acquises_autres affec.,13103,Déformations acquises_autres affec.,01 - Ain,1,Ain,0,4,29,62,67,86,146,220,186,57,12,870
Départements,01 - Ain_13103_Ensemble,Ensemble,12/31/2020,13103-Déformations acquises_autres affec.,13103,Déformations acquises_autres affec.,01 - Ain,1,Ain,0,7,25,62,53,65,115,175,160,73,9,745
Départements,01 - Ain_13103_Ensemble,Ensemble,12/31/2018,13103-Déformations acquises_autres affec.,13103,Déformations acquises_autres affec.,01 - Ain,1,Ain,0,6,39,59,59,141,212,304,235,92,9,1157
Départements,01 - Ain_13103_Ensemble,Ensemble,12/31/2022,13103-Déformations acquises_autres affec.,13103,Déformations acquises_autres affec.,01 - Ain,1,Ain,0,3,37,42,66,119,174,209,190,93,16,951
Départements,01 - Ain_13103_Ensemble,Ensemble,12/31/2019,13103-Déformations acquises_autres affec.,13103,Déformations acquises_autres affec.,01 - Ain,1,Ain,0,10,42,52,66,127,178,251,228,89,9,1052
Départements,01 - Ain_14104_Ensemble,Ensemble,12/31/2021,14104-Néphrite_syndr.néphrotique_néphrose,14104,Néphrite_syndr.néphrotique_néphrose,01 - Ain,1,Ain,0,5,5,6,4,5,7,7,24,17,9,89
Départements,01 - Ain_14104_Ensemble,Ensemble,12/31/2020,14104-Néphrite_syndr.néphrotique_néphrose,14104,Néphrite_syndr.néphrotique_néphrose,01 - Ain,1,Ain,0,3,13,5,0,6,8,16,17,22,5,97
Départements,01 - Ain_14104_Ensemble,Ensemble,12/31/2022,14104-Néphrite_syndr.néphrotique_néphrose,14104,Néphrite_syndr.néphrotique_néphrose,01 - Ain,1,Ain,0,0,6,4,8,10,7,11,19,6,6,79
Départements,01 - Ain_14104_Ensemble,Ensemble,12/31/2019,14104-Néphrite_syndr.néphrotique_néphrose,14104,Néphrite_syndr.néphrotique_néphrose,01 - Ain,1,Ain,0,6,14,8,7,12,10,16,24,11,7,116
Départements,01 - Ain_14104_Ensemble,Ensemble,12/31/2018,14104-Néphrite_syndr.néphrotique_néphrose,14104,Néphrite_syndr.néphrotique_néphrose,01 - Ain,1,Ain,0,0,3,3,6,3,6,16,17,15,9,80
Départements,01 - Ain_14105_Ensemble,Ensemble,12/31/2018,14105-Infection rein et voies urinaires,14105,Infection rein et voies urinaires,01 - Ain,1,Ain,77,49,42,73,67,70,80,99,134,233,255,1179
Départements,01 - Ain_14105_Ensemble,Ensemble,12/31/2019,14105-Infection rein et voies urinaires,14105,Infection rein et voies urinaires,01 - Ain,1,Ain,93,55,35,58,62,61,81,90,184,200,284,1203
Départements,01 - Ain_14105_Ensemble,Ensemble,12/31/2020,14105-Infection rein et voies urinaires,14105,Infection rein et voies urinaires,01 - Ain,1,Ain,107,40,41,51,32,43,76,76,133,223,312,1134
Départements,01 - Ain_14105_Ensemble,Ensemble,12/31/2022,14105-Infection rein et voies urinaires,14105,Infection rein et voies urinaires,01 - Ain,1,Ain,107,49,27,46,52,48,58,74,140,234,261,1096
Départements,01 - Ain_14105_Ensemble,Ensemble,12/31/2021,14105-Infection rein et voies urinaires,14105,Infection rein et voies urinaires,01 - Ain,1,Ain,87,60,31,53,48,59,66,65,168,218,247,1102
Départements,01 - Ain_14106_Ensemble,Ensemble,12/31/2021,14106-Insuffisance rénale,14106,Insuffisance rénale,01 - Ain,1,Ain,0,0,5,6,10,12,32,67,125,147,74,479
Départements,01 - Ain_14106_Ensemble,Ensemble,12/31/2022,14106-Insuffisance rénale,14106,Insuffisance rénale,01 - Ain,1,Ain,0,0,3,4,15,13,32,59,130,148,104,508
Départements,01 - Ain_14106_Ensemble,Ensemble,12/31/2019,14106-Insuffisance rénale,14106,Insuffisance rénale,01 - Ain,1,Ain,0,3,0,5,11,17,39,52,121,114,73,437
Départements,01 - Ain_14106_Ensemble,Ensemble,12/31/2018,14106-Insuffisance rénale,14106,Insuffisance rénale,01 - Ain,1,Ain,3,0,12,8,17,12,31,50,119,106,92,451
Départements,01 - Ain_14106_Ensemble,Ensemble,12/31/2020,14106-Insuffisance rénale,14106,Insuffisance rénale,01 - Ain,1,Ain,0,0,0,5,6,20,27,67,116,125,84,452
Départements,01 - Ain_14107_Ensemble,Ensemble,12/31/2019,14107-Calculs des voies urinaires,14107,Calculs des voies urinaires,01 - Ain,1,Ain,0,0,7,77,177,240,386,355,331,123,35,1731
Départements,01 - Ain_14107_Ensemble,Ensemble,12/31/2022,14107-Calculs des voies urinaires,14107,Calculs des voies urinaires,01 - Ain,1,Ain,0,0,4,66,162,245,318,415,275,137,46,1670
Départements,01 - Ain_14107_Ensemble,Ensemble,12/31/2021,14107-Calculs des voies urinaires,14107,Calculs des voies urinaires,01 - Ain,1,Ain,0,3,10,94,155,257,307,371,301,132,46,1676
Départements,01 - Ain_14107_Ensemble,Ensemble,12/31/2020,14107-Calculs des voies urinaires,14107,Calculs des voies urinaires,01 - Ain,1,Ain,0,0,8,70,180,240,323,388,298,115,31,1654
Départements,01 - Ain_14107_Ensemble,Ensemble,12/31/2018,14107-Calculs des voies urinaires,14107,Calculs des voies urinaires,01 - Ain,1,Ain,0,7,9,78,183,272,350,344,296,128,42,1710
Départements,01 - Ain_14108_Ensemble,Ensemble,12/31/2020,14108-Cystite,14108,Cystite,01 - Ain,1,Ain,3,0,0,6,0,4,4,14,18,27,27,107
Départements,01 - Ain_14108_Ensemble,Ensemble,12/31/2019,14108-Cystite,14108,Cystite,01 - Ain,1,Ain,0,3,0,8,6,10,8,9,18,32,31,127
Départements,01 - Ain_14108_Ensemble,Ensemble,12/31/2021,14108-Cystite,14108,Cystite,01 - Ain,1,Ain,0,0,0,3,4,8,9,11,21,26,37,121
Départements,01 - Ain_14108_Ensemble,Ensemble,12/31/2018,14108-Cystite,14108,Cystite,01 - Ain,1,Ain,0,0,4,10,3,6,10,11,27,26,34,132
Départements,01 - Ain_14108_Ensemble,Ensemble,12/31/2022,14108-Cystite,14108,Cystite,01 - Ain,1,Ain,0,0,3,5,5,6,6,13,20,44,34,137
Départements,01 - Ain_14109_Ensemble,Ensemble,12/31/2020,14109-Stérilité,14109,Stérilité,01 - Ain,1,Ain,0,0,0,7,116,52,0,0,0,0,0,176
Départements,01 - Ain_14109_Ensemble,Ensemble,12/31/2018,14109-Stérilité,14109,Stérilité,01 - Ain,1,Ain,0,0,0,6,94,61,0,0,0,0,0,162
Départements,01 - Ain_14109_Ensemble,Ensemble,12/31/2019,14109-Stérilité,14109,Stérilité,01 - Ain,1,Ain,0,0,0,3,110,60,0,0,0,0,0,176
Départements,01 - Ain_14109_Ensemble,Ensemble,12/31/2022,14109-Stérilité,14109,Stérilité,01 - Ain,1,Ain,0,0,0,9,112,83,0,0,0,0,0,205
Départements,01 - Ain_14109_Ensemble,Ensemble,12/31/2021,14109-Stérilité,14109,Stérilité,01 - Ain,1,Ain,0,0,0,10,140,73,3,0,0,0,0,227
Départements,01 - Ain_14110_Ensemble,Ensemble,12/31/2022,14110-Hyperplasie de la prostate,14110,Hyperplasie de la prostate,01 - Ain,1,Ain,0,0,0,0,0,0,18,103,179,128,34,463
Départements,01 - Ain_14110_Ensemble,Ensemble,12/31/2018,14110-Hyperplasie de la prostate,14110,Hyperplasie de la prostate,01 - Ain,1,Ain,0,0,0,0,3,0,25,131,240,132,34,566
Départements,01 - Ain_14110_Ensemble,Ensemble,12/31/2021,14110-Hyperplasie de la prostate,14110,Hyperplasie de la prostate,01 - Ain,1,Ain,0,0,0,0,0,0,19,110,197,117,41,485
Départements,01 - Ain_14110_Ensemble,Ensemble,12/31/2020,14110-Hyperplasie de la prostate,14110,Hyperplasie de la prostate,01 - Ain,1,Ain,0,0,0,0,0,0,18,74,149,111,33,387
Départements,01 - Ain_14110_Ensemble,Ensemble,12/31/2019,14110-Hyperplasie de la prostate,14110,Hyperplasie de la prostate,01 - Ain,1,Ain,0,0,0,0,0,0,30,104,189,119,42,484
Départements,01 - Ain_14111_Ensemble,Ensemble,12/31/2018,14111-Hydrocèle et spermatocèle,14111,Hydrocèle et spermatocèle,01 - Ain,1,Ain,0,5,10,7,0,10,16,22,22,8,3,105
Départements,01 - Ain_14111_Ensemble,Ensemble,12/31/2021,14111-Hydrocèle et spermatocèle,14111,Hydrocèle et spermatocèle,01 - Ain,1,Ain,0,13,8,12,6,12,12,25,23,13,0,124
Départements,01 - Ain_14111_Ensemble,Ensemble,12/31/2020,14111-Hydrocèle et spermatocèle,14111,Hydrocèle et spermatocèle,01 - Ain,1,Ain,0,3,6,7,6,0,12,16,26,12,4,93
Départements,01 - Ain_14111_Ensemble,Ensemble,12/31/2022,14111-Hydrocèle et spermatocèle,14111,Hydrocèle et spermatocèle,01 - Ain,1,Ain,0,10,5,10,4,7,13,25,18,15,0,108
Départements,01 - Ain_14111_Ensemble,Ensemble,12/31/2019,14111-Hydrocèle et spermatocèle,14111,Hydrocèle et spermatocèle,01 - Ain,1,Ain,0,7,11,8,4,7,19,28,35,7,0,130
Départements,01 - Ain_14112_Ensemble,Ensemble,12/31/2021,14112-Phimosis,14112,Phimosis,01 - Ain,1,Ain,0,250,305,89,38,23,24,19,19,15,3,785
Départements,01 - Ain_14112_Ensemble,Ensemble,12/31/2020,14112-Phimosis,14112,Phimosis,01 - Ain,1,Ain,0,158,142,67,20,17,12,13,14,7,4,455
Départements,01 - Ain_14112_Ensemble,Ensemble,12/31/2019,14112-Phimosis,14112,Phimosis,01 - Ain,1,Ain,0,245,245,78,23,22,22,24,26,18,9,713
Départements,01 - Ain_14112_Ensemble,Ensemble,12/31/2022,14112-Phimosis,14112,Phimosis,01 - Ain,1,Ain,0,229,226,67,45,26,15,27,30,11,9,687
Départements,01 - Ain_14112_Ensemble,Ensemble,12/31/2018,14112-Phimosis,14112,Phimosis,01 - Ain,1,Ain,0,259,234,76,28,14,20,32,12,19,13,707
Départements,01 - Ain_14113_Ensemble,Ensemble,12/31/2019,14113-Affections du sein,14113,Affections du sein,01 - Ain,1,Ain,0,0,0,65,54,58,64,45,26,5,0,320
Départements,01 - Ain_14113_Ensemble,Ensemble,12/31/2022,14113-Affections du sein,14113,Affections du sein,01 - Ain,1,Ain,0,0,0,80,68,64,56,51,17,0,0,342
Départements,01 - Ain_14113_Ensemble,Ensemble,12/31/2020,14113-Affections du sein,14113,Affections du sein,01 - Ain,1,Ain,0,0,5,66,55,52,45,29,16,6,0,274
Départements,01 - Ain_14113_Ensemble,Ensemble,12/31/2018,14113-Affections du sein,14113,Affections du sein,01 - Ain,1,Ain,0,0,0,68,64,59,58,34,16,7,0,307
Départements,01 - Ain_14113_Ensemble,Ensemble,12/31/2021,14113-Affections du sein,14113,Affections du sein,01 - Ain,1,Ain,0,0,0,82,94,69,64,50,12,6,0,381
Départements,01 - Ain_14114_Ensemble,Ensemble,12/31/2021,14114-Affect.inflam.org.génitaux féminins,14114,Affect.inflam.org.génitaux féminins,01 - Ain,1,Ain,0,0,0,20,61,52,43,14,3,0,4,199
Départements,01 - Ain_14114_Ensemble,Ensemble,12/31/2019,14114-Affect.inflam.org.génitaux féminins,14114,Affect.inflam.org.génitaux féminins,01 - Ain,1,Ain,0,0,0,28,64,68,36,15,5,5,4,225
Départements,01 - Ain_14114_Ensemble,Ensemble,12/31/2018,14114-Affect.inflam.org.génitaux féminins,14114,Affect.inflam.org.génitaux féminins,01 - Ain,1,Ain,0,0,0,24,78,72,39,17,5,4,4,245
Départements,01 - Ain_14114_Ensemble,Ensemble,12/31/2020,14114-Affect.inflam.org.génitaux féminins,14114,Affect.inflam.org.génitaux féminins,01 - Ain,1,Ain,0,0,0,20,68,49,27,7,6,0,0,182
Départements,01 - Ain_14114_Ensemble,Ensemble,12/31/2022,14114-Affect.inflam.org.génitaux féminins,14114,Affect.inflam.org.génitaux féminins,01 - Ain,1,Ain,0,0,0,11,64,70,35,9,0,5,0,200
Départements,01 - Ain_14115_Ensemble,Ensemble,12/31/2019,14115-Prolapsus génital,14115,Prolapsus génital,01 - Ain,1,Ain,0,0,0,0,3,56,103,129,125,62,6,484
Départements,01 - Ain_14115_Ensemble,Ensemble,12/31/2021,14115-Prolapsus génital,14115,Prolapsus génital,01 - Ain,1,Ain,0,0,0,0,9,64,90,88,123,48,3,425
Départements,01 - Ain_14115_Ensemble,Ensemble,12/31/2018,14115-Prolapsus génital,14115,Prolapsus génital,01 - Ain,1,Ain,0,0,0,0,8,93,140,142,149,78,10,620
Départements,01 - Ain_14115_Ensemble,Ensemble,12/31/2022,14115-Prolapsus génital,14115,Prolapsus génital,01 - Ain,1,Ain,0,0,0,0,5,65,98,97,130,57,9,461
Départements,01 - Ain_14115_Ensemble,Ensemble,12/31/2020,14115-Prolapsus génital,14115,Prolapsus génital,01 - Ain,1,Ain,0,0,0,0,3,39,66,65,80,45,5,303
Départements,01 - Ain_14116_Ensemble,Ensemble,12/31/2022,14116-Hémor.génitales_trbls menstruation,14116,Hémor.génitales_trbls menstruation,01 - Ain,1,Ain,0,0,0,12,21,75,66,7,3,3,0,190
Départements,01 - Ain_14116_Ensemble,Ensemble,12/31/2021,14116-Hémor.génitales_trbls menstruation,14116,Hémor.génitales_trbls menstruation,01 - Ain,1,Ain,0,0,5,12,31,65,73,16,0,4,0,207
Départements,01 - Ain_14116_Ensemble,Ensemble,12/31/2020,14116-Hémor.génitales_trbls menstruation,14116,Hémor.génitales_trbls menstruation,01 - Ain,1,Ain,0,0,0,15,25,55,71,16,0,0,0,187
Départements,01 - Ain_14116_Ensemble,Ensemble,12/31/2019,14116-Hémor.génitales_trbls menstruation,14116,Hémor.génitales_trbls menstruation,01 - Ain,1,Ain,0,0,0,17,37,84,105,28,3,5,3,283
Départements,01 - Ain_14116_Ensemble,Ensemble,12/31/2018,14116-Hémor.génitales_trbls menstruation,14116,Hémor.génitales_trbls menstruation,01 - Ain,1,Ain,0,0,0,9,32,77,94,24,4,0,0,245
Départements,01 - Ain_15117_Ensemble,Ensemble,12/31/2019,15117-Avortement toutes causes,15117,Avortement toutes causes,01 - Ain,1,Ain,0,0,0,528,1008,547,11,0,0,0,0,2095
Départements,01 - Ain_15117_Ensemble,Ensemble,12/31/2021,15117-Avortement toutes causes,15117,Avortement toutes causes,01 - Ain,1,Ain,0,0,4,406,896,548,16,0,0,0,0,1870
Départements,01 - Ain_15117_Ensemble,Ensemble,12/31/2018,15117-Avortement toutes causes,15117,Avortement toutes causes,01 - Ain,1,Ain,0,0,0,444,912,519,21,0,0,0,0,1897
Départements,01 - Ain_15117_Ensemble,Ensemble,12/31/2022,15117-Avortement toutes causes,15117,Avortement toutes causes,01 - Ain,1,Ain,0,0,0,417,925,527,11,0,0,0,0,1882
Départements,01 - Ain_15117_Ensemble,Ensemble,12/31/2020,15117-Avortement toutes causes,15117,Avortement toutes causes,01 - Ain,1,Ain,0,0,0,419,941,516,12,0,0,0,0,1889
Départements,01 - Ain_15118_Ensemble,Ensemble,12/31/2022,15118-Accouchement unique et spontané,15118,Accouchement unique et spontané,01 - Ain,1,Ain,0,0,0,359,2298,709,4,0,0,0,0,3370
Départements,01 - Ain_15118_Ensemble,Ensemble,12/31/2019,15118-Accouchement unique et spontané,15118,Accouchement unique et spontané,01 - Ain,1,Ain,0,0,0,442,2413,631,3,0,0,0,0,3490
Départements,01 - Ain_15118_Ensemble,Ensemble,12/31/2021,15118-Accouchement unique et spontané,15118,Accouchement unique et spontané,01 - Ain,1,Ain,0,0,0,355,2327,735,7,0,0,0,0,3424
Départements,01 - Ain_15118_Ensemble,Ensemble,12/31/2018,15118-Accouchement unique et spontané,15118,Accouchement unique et spontané,01 - Ain,1,Ain,0,0,0,467,2468,714,0,0,0,0,0,3652
Départements,01 - Ain_15118_Ensemble,Ensemble,12/31/2020,15118-Accouchement unique et spontané,15118,Accouchement unique et spontané,01 - Ain,1,Ain,0,0,0,426,2306,667,7,0,0,0,0,3406
Départements,01 - Ain_15119_Ensemble,Ensemble,12/31/2019,15119-Grossesse ou accouchement compliqués,15119,Grossesse ou accouchement compliqués,01 - Ain,1,Ain,0,0,0,518,2983,987,18,0,0,0,0,4506
Départements,01 - Ain_15119_Ensemble,Ensemble,12/31/2021,15119-Grossesse ou accouchement compliqués,15119,Grossesse ou accouchement compliqués,01 - Ain,1,Ain,0,0,0,554,3115,1077,15,0,0,0,0,4762
Départements,01 - Ain_15119_Ensemble,Ensemble,12/31/2022,15119-Grossesse ou accouchement compliqués,15119,Grossesse ou accouchement compliqués,01 - Ain,1,Ain,0,0,0,501,2979,1077,4,0,0,0,0,4561
Départements,01 - Ain_15119_Ensemble,Ensemble,12/31/2020,15119-Grossesse ou accouchement compliqués,15119,Grossesse ou accouchement compliqués,01 - Ain,1,Ain,0,0,0,549,2858,982,15,0,0,0,0,4404
Départements,01 - Ain_15119_Ensemble,Ensemble,12/31/2018,15119-Grossesse ou accouchement compliqués,15119,Grossesse ou accouchement compliqués,01 - Ain,1,Ain,0,0,0,560,3010,1001,7,0,0,0,0,4578
Départements,01 - Ain_16120_Ensemble,Ensemble,12/31/2020,16120-Prématurité et hypotrophie,16120,Prématurité et hypotrophie,01 - Ain,1,Ain,299,0,0,0,0,0,0,0,0,0,0,299
Départements,01 - Ain_16120_Ensemble,Ensemble,12/31/2021,16120-Prématurité et hypotrophie,16120,Prématurité et hypotrophie,01 - Ain,1,Ain,305,0,0,0,0,0,0,0,0,0,0,305
Départements,01 - Ain_16120_Ensemble,Ensemble,12/31/2019,16120-Prématurité et hypotrophie,16120,Prématurité et hypotrophie,01 - Ain,1,Ain,297,0,0,0,0,0,0,0,0,0,0,297
Départements,01 - Ain_16120_Ensemble,Ensemble,12/31/2018,16120-Prématurité et hypotrophie,16120,Prématurité et hypotrophie,01 - Ain,1,Ain,307,0,0,0,0,0,0,0,0,0,0,307
Départements,01 - Ain_16120_Ensemble,Ensemble,12/31/2022,16120-Prématurité et hypotrophie,16120,Prématurité et hypotrophie,01 - Ain,1,Ain,227,0,0,0,0,0,0,0,0,0,0,227
Départements,01 - Ain_17121_Ensemble,Ensemble,12/31/2018,17121-Malform.congén.cardio-vasculaires,17121,Malform.congén.cardio,01 - Ain,1,Ain,36,17,19,14,11,23,32,12,11,0,0,178
Départements,01 - Ain_17121_Ensemble,Ensemble,12/31/2020,17121-Malform.congén.cardio-vasculaires,17121,Malform.congén.cardio,01 - Ain,1,Ain,21,7,16,12,13,14,20,13,15,3,0,134
Départements,01 - Ain_17121_Ensemble,Ensemble,12/31/2022,17121-Malform.congén.cardio-vasculaires,17121,Malform.congén.cardio,01 - Ain,1,Ain,25,7,21,18,9,16,19,21,14,0,0,153
Départements,01 - Ain_17121_Ensemble,Ensemble,12/31/2021,17121-Malform.congén.cardio-vasculaires,17121,Malform.congén.cardio,01 - Ain,1,Ain,17,9,15,8,10,25,16,19,7,3,0,131
Départements,01 - Ain_17121_Ensemble,Ensemble,12/31/2019,17121-Malform.congén.cardio-vasculaires,17121,Malform.congén.cardio,01 - Ain,1,Ain,37,16,20,7,12,15,25,18,4,0,0,157
Départements,01 - Ain_17122_Ensemble,Ensemble,12/31/2018,17122-Malform.congén.appareil digestif,17122,Malform.congén.appareil digestif,01 - Ain,1,Ain,33,8,26,0,3,8,16,10,12,4,0,121
Départements,01 - Ain_17122_Ensemble,Ensemble,12/31/2022,17122-Malform.congén.appareil digestif,17122,Malform.congén.appareil digestif,01 - Ain,1,Ain,27,7,14,0,0,4,14,11,5,6,0,90
Départements,01 - Ain_17122_Ensemble,Ensemble,12/31/2021,17122-Malform.congén.appareil digestif,17122,Malform.congén.appareil digestif,01 - Ain,1,Ain,35,20,23,0,0,4,8,8,8,0,0,109
Départements,01 - Ain_17122_Ensemble,Ensemble,12/31/2019,17122-Malform.congén.appareil digestif,17122,Malform.congén.appareil digestif,01 - Ain,1,Ain,22,13,25,0,3,3,11,17,11,5,0,110
Départements,01 - Ain_17122_Ensemble,Ensemble,12/31/2020,17122-Malform.congén.appareil digestif,17122,Malform.congén.appareil digestif,01 - Ain,1,Ain,26,13,21,5,4,3,5,11,0,0,0,90
Départements,01 - Ain_17123_Ensemble,Ensemble,12/31/2021,17123-Malform.congén.organes génitaux,17123,Malform.congén.organes génitaux,01 - Ain,1,Ain,0,97,74,15,10,5,0,0,0,0,0,207
Départements,01 - Ain_17123_Ensemble,Ensemble,12/31/2020,17123-Malform.congén.organes génitaux,17123,Malform.congén.organes génitaux,01 - Ain,1,Ain,0,59,61,14,3,5,3,0,0,0,0,147
Départements,01 - Ain_17123_Ensemble,Ensemble,12/31/2022,17123-Malform.congén.organes génitaux,17123,Malform.congén.organes génitaux,01 - Ain,1,Ain,0,81,67,13,8,3,0,0,0,0,0,177
Départements,01 - Ain_17123_Ensemble,Ensemble,12/31/2019,17123-Malform.congén.organes génitaux,17123,Malform.congén.organes génitaux,01 - Ain,1,Ain,4,94,80,14,7,3,0,0,0,0,0,206
Départements,01 - Ain_17123_Ensemble,Ensemble,12/31/2018,17123-Malform.congén.organes génitaux,17123,Malform.congén.organes génitaux,01 - Ain,1,Ain,6,87,72,20,13,6,0,3,0,0,0,208
Départements,01 - Ain_17124_Ensemble,Ensemble,12/31/2018,17124-Malform.congén.appareil urinaire,17124,Malform.congén.appareil urinaire,01 - Ain,1,Ain,11,6,7,0,4,0,6,4,3,0,0,45
Départements,01 - Ain_17124_Ensemble,Ensemble,12/31/2020,17124-Malform.congén.appareil urinaire,17124,Malform.congén.appareil urinaire,01 - Ain,1,Ain,7,5,9,0,5,4,4,5,0,0,0,44
Départements,01 - Ain_17124_Ensemble,Ensemble,12/31/2019,17124-Malform.congén.appareil urinaire,17124,Malform.congén.appareil urinaire,01 - Ain,1,Ain,8,4,0,0,4,4,5,6,8,0,0,43
Départements,01 - Ain_17124_Ensemble,Ensemble,12/31/2022,17124-Malform.congén.appareil urinaire,17124,Malform.congén.appareil urinaire,01 - Ain,1,Ain,9,6,0,4,0,0,0,3,0,3,0,32
Départements,01 - Ain_17124_Ensemble,Ensemble,12/31/2021,17124-Malform.congén.appareil urinaire,17124,Malform.congén.appareil urinaire,01 - Ain,1,Ain,12,7,4,4,0,0,5,3,3,0,0,39
Départements,01 - Ain_17125_Ensemble,Ensemble,12/31/2018,17125-Malform.congén.ostéo-musculaires,17125,Malform.congén.ostéo,01 - Ain,1,Ain,27,30,28,10,3,3,3,3,0,3,0,112
Départements,01 - Ain_17125_Ensemble,Ensemble,12/31/2021,17125-Malform.congén.ostéo-musculaires,17125,Malform.congén.ostéo,01 - Ain,1,Ain,30,24,23,17,6,6,5,0,6,0,0,117
Départements,01 - Ain_17125_Ensemble,Ensemble,12/31/2020,17125-Malform.congén.ostéo-musculaires,17125,Malform.congén.ostéo,01 - Ain,1,Ain,23,17,29,18,4,6,3,6,0,0,0,107
Départements,01 - Ain_17125_Ensemble,Ensemble,12/31/2019,17125-Malform.congén.ostéo-musculaires,17125,Malform.congén.ostéo,01 - Ain,1,Ain,27,16,33,9,10,4,4,3,3,3,0,112
Départements,01 - Ain_17125_Ensemble,Ensemble,12/31/2022,17125-Malform.congén.ostéo-musculaires,17125,Malform.congén.ostéo,01 - Ain,1,Ain,34,16,24,21,6,0,6,4,0,0,0,114
Départements,01 - Ain_18126_Ensemble,Ensemble,12/31/2021,18126-Sympt.circulatoires et respiratoires,18126,Sympt.circulatoires et respiratoires,01 - Ain,1,Ain,22,12,30,92,136,182,344,412,474,385,271,2360
Départements,01 - Ain_18126_Ensemble,Ensemble,12/31/2020,18126-Sympt.circulatoires et respiratoires,18126,Sympt.circulatoires et respiratoires,01 - Ain,1,Ain,10,20,33,82,129,239,361,378,410,352,264,2278
Départements,01 - Ain_18126_Ensemble,Ensemble,12/31/2018,18126-Sympt.circulatoires et respiratoires,18126,Sympt.circulatoires et respiratoires,01 - Ain,1,Ain,13,16,40,77,110,203,298,352,446,379,306,2240
Départements,01 - Ain_18126_Ensemble,Ensemble,12/31/2022,18126-Sympt.circulatoires et respiratoires,18126,Sympt.circulatoires et respiratoires,01 - Ain,1,Ain,20,16,26,67,102,174,287,329,419,348,242,2030
Départements,01 - Ain_18126_Ensemble,Ensemble,12/31/2019,18126-Sympt.circulatoires et respiratoires,18126,Sympt.circulatoires et respiratoires,01 - Ain,1,Ain,26,21,29,78,113,206,373,389,474,415,322,2446
Départements,01 - Ain_18127_Ensemble,Ensemble,12/31/2019,18127-Sympt.appareil digestif et abdomen,18127,Sympt.appareil digestif et abdomen,01 - Ain,1,Ain,35,50,146,254,300,311,443,481,479,239,119,2857
Départements,01 - Ain_18127_Ensemble,Ensemble,12/31/2020,18127-Sympt.appareil digestif et abdomen,18127,Sympt.appareil digestif et abdomen,01 - Ain,1,Ain,23,23,99,173,217,261,350,352,448,199,89,2234
Départements,01 - Ain_18127_Ensemble,Ensemble,12/31/2021,18127-Sympt.appareil digestif et abdomen,18127,Sympt.appareil digestif et abdomen,01 - Ain,1,Ain,22,53,111,218,246,294,444,508,509,210,129,2744
Départements,01 - Ain_18127_Ensemble,Ensemble,12/31/2018,18127-Sympt.appareil digestif et abdomen,18127,Sympt.appareil digestif et abdomen,01 - Ain,1,Ain,36,53,131,241,290,332,404,429,467,258,124,2765
Départements,01 - Ain_18127_Ensemble,Ensemble,12/31/2022,18127-Sympt.appareil digestif et abdomen,18127,Sympt.appareil digestif et abdomen,01 - Ain,1,Ain,21,52,106,189,243,302,370,433,440,215,107,2478
Départements,01 - Ain_18128_Ensemble,Ensemble,12/31/2021,18128-Sympt.syst.nerveux et ostéo-muscul.,18128,Sympt.syst.nerveux et ostéo,01 - Ain,1,Ain,4,12,12,15,21,43,68,76,99,165,232,747
Départements,01 - Ain_18128_Ensemble,Ensemble,12/31/2018,18128-Sympt.syst.nerveux et ostéo-muscul.,18128,Sympt.syst.nerveux et ostéo,01 - Ain,1,Ain,8,10,35,24,40,35,53,67,84,171,301,828
Départements,01 - Ain_18128_Ensemble,Ensemble,12/31/2022,18128-Sympt.syst.nerveux et ostéo-muscul.,18128,Sympt.syst.nerveux et ostéo,01 - Ain,1,Ain,8,10,18,21,36,39,50,68,94,156,223,723
Départements,01 - Ain_18128_Ensemble,Ensemble,12/31/2019,18128-Sympt.syst.nerveux et ostéo-muscul.,18128,Sympt.syst.nerveux et ostéo,01 - Ain,1,Ain,3,14,17,17,17,20,43,54,84,197,267,733
Départements,01 - Ain_18128_Ensemble,Ensemble,12/31/2020,18128-Sympt.syst.nerveux et ostéo-muscul.,18128,Sympt.syst.nerveux et ostéo,01 - Ain,1,Ain,4,11,14,14,27,28,63,63,83,158,241,706
Départements,01 - Ain_18129_Ensemble,Ensemble,12/31/2021,18129-Symptômes appareil urinaire,18129,Symptômes appareil urinaire,01 - Ain,1,Ain,3,5,41,3,8,9,30,58,114,135,119,525
Départements,01 - Ain_18129_Ensemble,Ensemble,12/31/2022,18129-Symptômes appareil urinaire,18129,Symptômes appareil urinaire,01 - Ain,1,Ain,0,5,6,0,6,23,18,55,84,169,143,512
Départements,01 - Ain_18129_Ensemble,Ensemble,12/31/2019,18129-Symptômes appareil urinaire,18129,Symptômes appareil urinaire,01 - Ain,1,Ain,0,4,5,9,15,15,35,55,116,141,109,505
Départements,01 - Ain_18129_Ensemble,Ensemble,12/31/2020,18129-Symptômes appareil urinaire,18129,Symptômes appareil urinaire,01 - Ain,1,Ain,0,0,8,8,13,11,31,41,98,107,122,441
Départements,01 - Ain_18129_Ensemble,Ensemble,12/31/2018,18129-Symptômes appareil urinaire,18129,Symptômes appareil urinaire,01 - Ain,1,Ain,0,3,3,4,17,20,26,60,124,157,144,558
Départements,01 - Ain_18130_Ensemble,Ensemble,12/31/2019,18130-Symptômes  et signes généraux,18130,Symptômes  et signes généraux,01 - Ain,1,Ain,150,221,173,165,188,437,694,636,528,620,507,4319
Départements,01 - Ain_18130_Ensemble,Ensemble,12/31/2020,18130-Symptômes  et signes généraux,18130,Symptômes  et signes généraux,01 - Ain,1,Ain,133,166,137,127,139,365,517,567,516,530,439,3636
Départements,01 - Ain_18130_Ensemble,Ensemble,12/31/2018,18130-Symptômes  et signes généraux,18130,Symptômes  et signes généraux,01 - Ain,1,Ain,165,225,212,166,177,529,690,592,588,657,583,4584
Départements,01 - Ain_18130_Ensemble,Ensemble,12/31/2021,18130-Symptômes  et signes généraux,18130,Symptômes  et signes généraux,01 - Ain,1,Ain,140,219,157,163,180,398,605,544,555,583,433,3977
Départements,01 - Ain_18130_Ensemble,Ensemble,12/31/2022,18130-Symptômes  et signes généraux,18130,Symptômes  et signes généraux,01 - Ain,1,Ain,141,187,142,167,211,374,592,543,505,562,502,3926
Départements,01 - Ain_18131_Ensemble,Ensemble,12/31/2022,18131-Résult.anormaux examens sans sympt.,18131,Résult.anormaux examens sans sympt.,01 - Ain,1,Ain,5,5,0,11,13,24,44,97,122,57,26,406
Départements,01 - Ain_18131_Ensemble,Ensemble,12/31/2019,18131-Résult.anormaux examens sans sympt.,18131,Résult.anormaux examens sans sympt.,01 - Ain,1,Ain,5,11,6,10,7,20,42,99,113,68,20,401
Départements,01 - Ain_18131_Ensemble,Ensemble,12/31/2018,18131-Résult.anormaux examens sans sympt.,18131,Résult.anormaux examens sans sympt.,01 - Ain,1,Ain,7,8,4,17,12,11,52,82,128,63,23,407
Départements,01 - Ain_18131_Ensemble,Ensemble,12/31/2020,18131-Résult.anormaux examens sans sympt.,18131,Résult.anormaux examens sans sympt.,01 - Ain,1,Ain,14,12,3,12,12,18,38,83,107,60,21,380
Départements,01 - Ain_18131_Ensemble,Ensemble,12/31/2021,18131-Résult.anormaux examens sans sympt.,18131,Résult.anormaux examens sans sympt.,01 - Ain,1,Ain,7,0,5,15,10,20,56,80,119,65,15,393
Départements,01 - Ain_19132_Ensemble,Ensemble,12/31/2020,19132-Fracture crâne et os de la face,19132,Fracture crâne et os de la face,01 - Ain,1,Ain,8,0,22,43,33,21,27,14,18,11,21,219
Départements,01 - Ain_19132_Ensemble,Ensemble,12/31/2022,19132-Fracture crâne et os de la face,19132,Fracture crâne et os de la face,01 - Ain,1,Ain,3,8,27,76,25,25,27,11,13,17,27,259
Départements,01 - Ain_19132_Ensemble,Ensemble,12/31/2018,19132-Fracture crâne et os de la face,19132,Fracture crâne et os de la face,01 - Ain,1,Ain,6,6,27,63,40,28,21,29,14,17,21,272
Départements,01 - Ain_19132_Ensemble,Ensemble,12/31/2019,19132-Fracture crâne et os de la face,19132,Fracture crâne et os de la face,01 - Ain,1,Ain,9,3,23,60,54,21,19,18,12,19,22,260
Départements,01 - Ain_19132_Ensemble,Ensemble,12/31/2021,19132-Fracture crâne et os de la face,19132,Fracture crâne et os de la face,01 - Ain,1,Ain,0,12,20,57,30,28,25,14,9,10,25,232
Départements,01 - Ain_19133_Ensemble,Ensemble,12/31/2019,19133-Fracture colonne et os du tronc,19133,Fracture colonne et os du tronc,01 - Ain,1,Ain,0,0,10,46,41,62,75,95,130,162,241,862
Départements,01 - Ain_19133_Ensemble,Ensemble,12/31/2020,19133-Fracture colonne et os du tronc,19133,Fracture colonne et os du tronc,01 - Ain,1,Ain,0,0,8,42,35,45,83,109,110,124,224,781
Départements,01 - Ain_19133_Ensemble,Ensemble,12/31/2018,19133-Fracture colonne et os du tronc,19133,Fracture colonne et os du tronc,01 - Ain,1,Ain,0,0,3,39,41,43,74,98,139,159,203,800
Départements,01 - Ain_19133_Ensemble,Ensemble,12/31/2022,19133-Fracture colonne et os du tronc,19133,Fracture colonne et os du tronc,01 - Ain,1,Ain,0,0,10,52,55,41,73,124,154,194,228,932
Départements,01 - Ain_19133_Ensemble,Ensemble,12/31/2021,19133-Fracture colonne et os du tronc,19133,Fracture colonne et os du tronc,01 - Ain,1,Ain,0,0,5,46,38,62,90,114,152,179,235,922
Départements,01 - Ain_19134_Ensemble,Ensemble,12/31/2021,19134-Fracture du membre supérieur,19134,Fracture du membre supérieur,01 - Ain,1,Ain,0,38,302,246,131,133,144,226,258,206,151,1835
Départements,01 - Ain_19134_Ensemble,Ensemble,12/31/2022,19134-Fracture du membre supérieur,19134,Fracture du membre supérieur,01 - Ain,1,Ain,0,27,309,258,166,168,199,226,236,191,141,1923
Départements,01 - Ain_19134_Ensemble,Ensemble,12/31/2019,19134-Fracture du membre supérieur,19134,Fracture du membre supérieur,01 - Ain,1,Ain,0,25,271,247,158,153,164,227,209,176,191,1822
Départements,01 - Ain_19134_Ensemble,Ensemble,12/31/2020,19134-Fracture du membre supérieur,19134,Fracture du membre supérieur,01 - Ain,1,Ain,0,39,227,199,155,151,173,238,232,179,188,1782
Départements,01 - Ain_19134_Ensemble,Ensemble,12/31/2018,19134-Fracture du membre supérieur,19134,Fracture du membre supérieur,01 - Ain,1,Ain,0,35,252,247,170,124,196,201,226,168,140,1761
Départements,01 - Ain_19135_Ensemble,Ensemble,12/31/2020,19135-Fracture du col du fémur,19135,Fracture du col du fémur,01 - Ain,1,Ain,0,0,0,0,0,0,16,46,106,192,440,807
Départements,01 - Ain_19135_Ensemble,Ensemble,12/31/2022,19135-Fracture du col du fémur,19135,Fracture du col du fémur,01 - Ain,1,Ain,0,0,4,6,3,11,19,54,111,210,436,854
Départements,01 - Ain_19135_Ensemble,Ensemble,12/31/2019,19135-Fracture du col du fémur,19135,Fracture du col du fémur,01 - Ain,1,Ain,0,0,0,0,6,6,13,42,102,209,438,818
Départements,01 - Ain_19135_Ensemble,Ensemble,12/31/2021,19135-Fracture du col du fémur,19135,Fracture du col du fémur,01 - Ain,1,Ain,0,0,3,0,7,10,20,53,104,206,417,820
Départements,01 - Ain_19135_Ensemble,Ensemble,12/31/2018,19135-Fracture du col du fémur,19135,Fracture du col du fémur,01 - Ain,1,Ain,0,0,0,3,0,4,21,54,93,201,428,806
Départements,01 - Ain_19136_Ensemble,Ensemble,12/31/2019,19136-Autre fracture du membre inférieur,19136,Autre fracture du membre inférieur,01 - Ain,1,Ain,5,5,49,98,79,96,113,122,108,89,82,846
Départements,01 - Ain_19136_Ensemble,Ensemble,12/31/2020,19136-Autre fracture du membre inférieur,19136,Autre fracture du membre inférieur,01 - Ain,1,Ain,3,11,42,67,55,79,92,111,111,98,108,777
Départements,01 - Ain_19136_Ensemble,Ensemble,12/31/2018,19136-Autre fracture du membre inférieur,19136,Autre fracture du membre inférieur,01 - Ain,1,Ain,0,14,46,102,90,81,91,113,109,88,107,843
Départements,01 - Ain_19136_Ensemble,Ensemble,12/31/2021,19136-Autre fracture du membre inférieur,19136,Autre fracture du membre inférieur,01 - Ain,1,Ain,0,5,38,104,66,73,90,114,80,84,86,741
Départements,01 - Ain_19136_Ensemble,Ensemble,12/31/2022,19136-Autre fracture du membre inférieur,19136,Autre fracture du membre inférieur,01 - Ain,1,Ain,0,9,50,100,81,81,78,122,126,98,108,855
Départements,01 - Ain_19137_Ensemble,Ensemble,12/31/2021,19137-Luxations et entorses,19137,Luxations et entorses,01 - Ain,1,Ain,0,3,32,214,210,212,206,182,113,73,46,1291
Départements,01 - Ain_19137_Ensemble,Ensemble,12/31/2018,19137-Luxations et entorses,19137,Luxations et entorses,01 - Ain,1,Ain,0,3,39,172,186,211,212,178,97,47,47,1192
Départements,01 - Ain_19137_Ensemble,Ensemble,12/31/2022,19137-Luxations et entorses,19137,Luxations et entorses,01 - Ain,1,Ain,0,3,38,170,219,230,221,188,128,54,34,1285
Départements,01 - Ain_19137_Ensemble,Ensemble,12/31/2019,19137-Luxations et entorses,19137,Luxations et entorses,01 - Ain,1,Ain,0,5,44,169,222,197,235,188,136,53,46,1295
Départements,01 - Ain_19137_Ensemble,Ensemble,12/31/2020,19137-Luxations et entorses,19137,Luxations et entorses,01 - Ain,1,Ain,0,5,28,172,172,198,188,176,97,57,46,1140
Départements,01 - Ain_19138_Ensemble,Ensemble,12/31/2018,19138-Traumatisme crânien,19138,Traumatisme crânien,01 - Ain,1,Ain,81,91,95,78,49,36,58,51,84,137,189,949
Départements,01 - Ain_19138_Ensemble,Ensemble,12/31/2022,19138-Traumatisme crânien,19138,Traumatisme crânien,01 - Ain,1,Ain,42,49,58,78,44,30,51,61,96,164,218,891
Départements,01 - Ain_19138_Ensemble,Ensemble,12/31/2020,19138-Traumatisme crânien,19138,Traumatisme crânien,01 - Ain,1,Ain,74,88,80,53,30,23,38,56,73,102,187,804
Départements,01 - Ain_19138_Ensemble,Ensemble,12/31/2021,19138-Traumatisme crânien,19138,Traumatisme crânien,01 - Ain,1,Ain,65,81,75,53,37,31,37,55,84,141,201,860
Départements,01 - Ain_19138_Ensemble,Ensemble,12/31/2019,19138-Traumatisme crânien,19138,Traumatisme crânien,01 - Ain,1,Ain,92,99,98,73,52,51,49,70,80,112,187,963
Départements,01 - Ain_19139_Ensemble,Ensemble,12/31/2022,19139-Trauma.intrathorac._intra-abdominal,19139,Trauma.intrathorac._intra,01 - Ain,1,Ain,0,0,21,20,19,19,34,19,21,12,5,172
Départements,01 - Ain_19139_Ensemble,Ensemble,12/31/2021,19139-Trauma.intrathorac._intra-abdominal,19139,Trauma.intrathorac._intra,01 - Ain,1,Ain,0,0,12,27,17,17,31,34,21,19,16,196
Départements,01 - Ain_19139_Ensemble,Ensemble,12/31/2018,19139-Trauma.intrathorac._intra-abdominal,19139,Trauma.intrathorac._intra,01 - Ain,1,Ain,0,0,13,41,15,16,24,23,24,15,13,185
Départements,01 - Ain_19139_Ensemble,Ensemble,12/31/2019,19139-Trauma.intrathorac._intra-abdominal,19139,Trauma.intrathorac._intra,01 - Ain,1,Ain,0,0,13,28,31,27,34,32,23,19,12,219
Départements,01 - Ain_19139_Ensemble,Ensemble,12/31/2020,19139-Trauma.intrathorac._intra-abdominal,19139,Trauma.intrathorac._intra,01 - Ain,1,Ain,0,0,9,19,17,11,25,34,23,18,10,168
Départements,01 - Ain_19140_Ensemble,Ensemble,12/31/2018,19140-Traumatisme des nerfs,19140,Traumatisme des nerfs,01 - Ain,1,Ain,0,0,9,30,29,25,31,23,9,3,0,162
Départements,01 - Ain_19140_Ensemble,Ensemble,12/31/2021,19140-Traumatisme des nerfs,19140,Traumatisme des nerfs,01 - Ain,1,Ain,0,3,14,38,41,34,40,35,14,6,0,225
Départements,01 - Ain_19140_Ensemble,Ensemble,12/31/2020,19140-Traumatisme des nerfs,19140,Traumatisme des nerfs,01 - Ain,1,Ain,0,5,7,29,32,34,19,11,6,0,0,147
Départements,01 - Ain_19140_Ensemble,Ensemble,12/31/2022,19140-Traumatisme des nerfs,19140,Traumatisme des nerfs,01 - Ain,1,Ain,0,4,5,43,49,53,33,29,14,6,0,236
Départements,01 - Ain_19140_Ensemble,Ensemble,12/31/2019,19140-Traumatisme des nerfs,19140,Traumatisme des nerfs,01 - Ain,1,Ain,0,0,0,23,28,32,17,20,17,3,0,143
Départements,01 - Ain_19141_Ensemble,Ensemble,12/31/2021,19141-Plaie tête (inclu globe oculaire),19141,Plaie tête (inclu globe oculaire),01 - Ain,1,Ain,0,14,14,13,15,12,15,27,37,50,83,282
Départements,01 - Ain_19141_Ensemble,Ensemble,12/31/2022,19141-Plaie tête (inclu globe oculaire),19141,Plaie tête (inclu globe oculaire),01 - Ain,1,Ain,0,6,8,12,13,14,15,16,24,47,69,225
Départements,01 - Ain_19141_Ensemble,Ensemble,12/31/2019,19141-Plaie tête (inclu globe oculaire),19141,Plaie tête (inclu globe oculaire),01 - Ain,1,Ain,0,17,14,22,18,12,15,16,30,52,78,274
Départements,01 - Ain_19141_Ensemble,Ensemble,12/31/2018,19141-Plaie tête (inclu globe oculaire),19141,Plaie tête (inclu globe oculaire),01 - Ain,1,Ain,0,9,10,15,19,8,7,13,25,38,81,225
Départements,01 - Ain_19141_Ensemble,Ensemble,12/31/2020,19141-Plaie tête (inclu globe oculaire),19141,Plaie tête (inclu globe oculaire),01 - Ain,1,Ain,0,10,15,16,17,11,8,20,32,38,69,237
Départements,01 - Ain_19142_Ensemble,Ensemble,12/31/2022,19142-Plaie du membre supérieur,19142,Plaie du membre supérieur,01 - Ain,1,Ain,0,35,26,71,58,63,68,48,24,14,16,423
Départements,01 - Ain_19142_Ensemble,Ensemble,12/31/2020,19142-Plaie du membre supérieur,19142,Plaie du membre supérieur,01 - Ain,1,Ain,0,18,44,59,61,74,53,61,32,13,16,432
Départements,01 - Ain_19142_Ensemble,Ensemble,12/31/2019,19142-Plaie du membre supérieur,19142,Plaie du membre supérieur,01 - Ain,1,Ain,0,27,35,89,69,69,67,57,32,14,17,477
Départements,01 - Ain_19142_Ensemble,Ensemble,12/31/2021,19142-Plaie du membre supérieur,19142,Plaie du membre supérieur,01 - Ain,1,Ain,0,19,34,76,67,74,55,55,51,21,12,466
Départements,01 - Ain_19142_Ensemble,Ensemble,12/31/2018,19142-Plaie du membre supérieur,19142,Plaie du membre supérieur,01 - Ain,1,Ain,0,24,15,87,78,66,67,50,28,13,19,448
Départements,01 - Ain_19143_Ensemble,Ensemble,12/31/2018,19143-Plaie du membre inférieur,19143,Plaie du membre inférieur,01 - Ain,1,Ain,0,3,9,14,14,3,13,19,8,11,10,104
Départements,01 - Ain_19143_Ensemble,Ensemble,12/31/2019,19143-Plaie du membre inférieur,19143,Plaie du membre inférieur,01 - Ain,1,Ain,0,0,6,15,10,9,21,10,8,11,10,101
Départements,01 - Ain_19143_Ensemble,Ensemble,12/31/2022,19143-Plaie du membre inférieur,19143,Plaie du membre inférieur,01 - Ain,1,Ain,0,0,14,16,3,13,8,9,8,10,15,97
Départements,01 - Ain_19143_Ensemble,Ensemble,12/31/2021,19143-Plaie du membre inférieur,19143,Plaie du membre inférieur,01 - Ain,1,Ain,0,0,9,16,8,8,7,9,6,13,13,90
Départements,01 - Ain_19143_Ensemble,Ensemble,12/31/2020,19143-Plaie du membre inférieur,19143,Plaie du membre inférieur,01 - Ain,1,Ain,0,5,16,5,8,8,11,9,11,8,14,95
Départements,01 - Ain_19144_Ensemble,Ensemble,12/31/2018,19144-Corps étranger par orifice naturel,19144,Corps étranger par orifice naturel,01 - Ain,1,Ain,5,21,14,8,8,9,10,14,15,4,8,116
Départements,01 - Ain_19144_Ensemble,Ensemble,12/31/2021,19144-Corps étranger par orifice naturel,19144,Corps étranger par orifice naturel,01 - Ain,1,Ain,4,24,24,8,10,7,13,16,11,5,10,132
Départements,01 - Ain_19144_Ensemble,Ensemble,12/31/2022,19144-Corps étranger par orifice naturel,19144,Corps étranger par orifice naturel,01 - Ain,1,Ain,0,18,19,14,10,14,10,7,11,13,3,120
Départements,01 - Ain_19144_Ensemble,Ensemble,12/31/2019,19144-Corps étranger par orifice naturel,19144,Corps étranger par orifice naturel,01 - Ain,1,Ain,4,22,11,7,5,11,13,4,7,8,8,100
Départements,01 - Ain_19144_Ensemble,Ensemble,12/31/2020,19144-Corps étranger par orifice naturel,19144,Corps étranger par orifice naturel,01 - Ain,1,Ain,10,17,15,17,8,7,9,18,16,11,5,133
Départements,01 - Ain_19145_Ensemble,Ensemble,12/31/2019,19145-Brûlure et corrosion,19145,Brûlure et corrosion,01 - Ain,1,Ain,4,13,3,7,11,10,4,7,8,0,4,73
Départements,01 - Ain_19145_Ensemble,Ensemble,12/31/2021,19145-Brûlure et corrosion,19145,Brûlure et corrosion,01 - Ain,1,Ain,7,16,6,12,8,4,12,7,6,4,4,86
Départements,01 - Ain_19145_Ensemble,Ensemble,12/31/2018,19145-Brûlure et corrosion,19145,Brûlure et corrosion,01 - Ain,1,Ain,4,15,5,5,10,12,4,8,7,7,0,78
Départements,01 - Ain_19145_Ensemble,Ensemble,12/31/2020,19145-Brûlure et corrosion,19145,Brûlure et corrosion,01 - Ain,1,Ain,0,15,6,9,5,9,8,4,0,3,0,64
Départements,01 - Ain_19145_Ensemble,Ensemble,12/31/2022,19145-Brûlure et corrosion,19145,Brûlure et corrosion,01 - Ain,1,Ain,5,13,11,4,12,4,13,6,13,0,5,88
Départements,01 - Ain_19146_Ensemble,Ensemble,12/31/2021,19146-Intoxication produit pharmaceutique,19146,Intoxication produit pharmaceutique,01 - Ain,1,Ain,0,16,37,153,81,122,86,54,42,24,18,633
Départements,01 - Ain_19146_Ensemble,Ensemble,12/31/2018,19146-Intoxication produit pharmaceutique,19146,Intoxication produit pharmaceutique,01 - Ain,1,Ain,0,19,41,135,118,117,131,96,43,19,17,737
Départements,01 - Ain_19146_Ensemble,Ensemble,12/31/2019,19146-Intoxication produit pharmaceutique,19146,Intoxication produit pharmaceutique,01 - Ain,1,Ain,0,16,37,151,95,98,117,75,44,17,18,668
Départements,01 - Ain_19146_Ensemble,Ensemble,12/31/2020,19146-Intoxication produit pharmaceutique,19146,Intoxication produit pharmaceutique,01 - Ain,1,Ain,0,6,21,123,94,110,99,87,38,20,16,615
Départements,01 - Ain_19146_Ensemble,Ensemble,12/31/2022,19146-Intoxication produit pharmaceutique,19146,Intoxication produit pharmaceutique,01 - Ain,1,Ain,0,12,33,168,85,108,99,70,23,24,16,638
Départements,01 - Ain_19147_Ensemble,Ensemble,12/31/2022,19147-Intoxication prod.non pharmaceutique,19147,Intoxication prod.non pharmaceutique,01 - Ain,1,Ain,0,4,0,14,6,11,7,8,10,0,0,64
Départements,01 - Ain_19147_Ensemble,Ensemble,12/31/2019,19147-Intoxication prod.non pharmaceutique,19147,Intoxication prod.non pharmaceutique,01 - Ain,1,Ain,0,3,3,5,12,12,9,5,13,7,3,73
Départements,01 - Ain_19147_Ensemble,Ensemble,12/31/2020,19147-Intoxication prod.non pharmaceutique,19147,Intoxication prod.non pharmaceutique,01 - Ain,1,Ain,0,0,7,7,21,11,16,11,10,0,4,90
Départements,01 - Ain_19147_Ensemble,Ensemble,12/31/2021,19147-Intoxication prod.non pharmaceutique,19147,Intoxication prod.non pharmaceutique,01 - Ain,1,Ain,0,0,5,10,10,5,6,9,10,0,0,60
Départements,01 - Ain_19147_Ensemble,Ensemble,12/31/2018,19147-Intoxication prod.non pharmaceutique,19147,Intoxication prod.non pharmaceutique,01 - Ain,1,Ain,0,6,12,11,11,5,11,8,8,0,3,78
Départements,01 - Ain_19148_Ensemble,Ensemble,12/31/2020,19148-Effet nocif de cause extérieure,19148,Effet nocif de cause extérieure,01 - Ain,1,Ain,9,18,13,19,16,16,25,19,13,13,5,166
Départements,01 - Ain_19148_Ensemble,Ensemble,12/31/2018,19148-Effet nocif de cause extérieure,19148,Effet nocif de cause extérieure,01 - Ain,1,Ain,5,17,15,33,16,30,25,24,18,6,10,199
Départements,01 - Ain_19148_Ensemble,Ensemble,12/31/2019,19148-Effet nocif de cause extérieure,19148,Effet nocif de cause extérieure,01 - Ain,1,Ain,6,14,18,17,17,19,24,15,18,9,13,170
Départements,01 - Ain_19148_Ensemble,Ensemble,12/31/2022,19148-Effet nocif de cause extérieure,19148,Effet nocif de cause extérieure,01 - Ain,1,Ain,0,10,14,17,10,21,24,23,23,7,6,157
Départements,01 - Ain_19148_Ensemble,Ensemble,12/31/2021,19148-Effet nocif de cause extérieure,19148,Effet nocif de cause extérieure,01 - Ain,1,Ain,6,12,13,20,20,19,17,12,10,11,4,144
Départements,01 - Ain_19149_Ensemble,Ensemble,12/31/2021,19149-Complic.acte chir.ou soin méd.n.c.a.,19149,Complic.acte chir.ou soin méd.n.c.a.,01 - Ain,1,Ain,5,7,15,20,45,58,99,144,192,169,96,850
Départements,01 - Ain_19149_Ensemble,Ensemble,12/31/2018,19149-Complic.acte chir.ou soin méd.n.c.a.,19149,Complic.acte chir.ou soin méd.n.c.a.,01 - Ain,1,Ain,0,9,20,20,42,75,113,165,205,171,97,918
Départements,01 - Ain_19149_Ensemble,Ensemble,12/31/2020,19149-Complic.acte chir.ou soin méd.n.c.a.,19149,Complic.acte chir.ou soin méd.n.c.a.,01 - Ain,1,Ain,0,7,10,14,49,52,106,138,216,148,95,836
Départements,01 - Ain_19149_Ensemble,Ensemble,12/31/2019,19149-Complic.acte chir.ou soin méd.n.c.a.,19149,Complic.acte chir.ou soin méd.n.c.a.,01 - Ain,1,Ain,0,7,11,24,44,71,105,188,220,156,103,930
Départements,01 - Ain_19149_Ensemble,Ensemble,12/31/2022,19149-Complic.acte chir.ou soin méd.n.c.a.,19149,Complic.acte chir.ou soin méd.n.c.a.,01 - Ain,1,Ain,0,4,6,24,30,47,73,120,202,157,78,743
Départements,01 - Ain_2007_Ensemble,Ensemble,12/31/2021,02007-Tumeurs malignes,2007,Tumeurs malignes,01 - Ain,1,Ain,0,14,38,42,114,282,594,1229,1976,1524,616,6429
Départements,01 - Ain_2007_Ensemble,Ensemble,12/31/2022,02007-Tumeurs malignes,2007,Tumeurs malignes,01 - Ain,1,Ain,5,10,21,38,94,276,640,1255,2000,1424,657,6420
Départements,01 - Ain_2007_Ensemble,Ensemble,12/31/2018,02007-Tumeurs malignes,2007,Tumeurs malignes,01 - Ain,1,Ain,4,16,23,35,94,267,742,1448,2102,1298,628,6657
Départements,01 - Ain_2007_Ensemble,Ensemble,12/31/2019,02007-Tumeurs malignes,2007,Tumeurs malignes,01 - Ain,1,Ain,0,21,35,52,105,267,638,1444,2054,1224,647,6487
Départements,01 - Ain_2007_Ensemble,Ensemble,12/31/2020,02007-Tumeurs malignes,2007,Tumeurs malignes,01 - Ain,1,Ain,0,23,21,39,103,282,673,1316,1949,1323,580,6311
Départements,01 - Ain_2008_Ensemble,Ensemble,12/31/2022,02008-T.M. lèvre _bouche_pharynx,2008,T.M. lèvre _bouche_pharynx,01 - Ain,1,Ain,0,0,0,0,0,6,40,47,66,22,8,190
Départements,01 - Ain_2008_Ensemble,Ensemble,12/31/2021,02008-T.M. lèvre _bouche_pharynx,2008,T.M. lèvre _bouche_pharynx,01 - Ain,1,Ain,0,0,0,0,5,6,22,56,67,25,17,198
Départements,01 - Ain_2008_Ensemble,Ensemble,12/31/2018,02008-T.M. lèvre _bouche_pharynx,2008,T.M. lèvre _bouche_pharynx,01 - Ain,1,Ain,0,0,0,0,0,5,23,59,45,10,0,144
Départements,01 - Ain_2008_Ensemble,Ensemble,12/31/2020,02008-T.M. lèvre _bouche_pharynx,2008,T.M. lèvre _bouche_pharynx,01 - Ain,1,Ain,0,0,0,0,5,7,26,68,75,21,6,208
Départements,01 - Ain_2008_Ensemble,Ensemble,12/31/2019,02008-T.M. lèvre _bouche_pharynx,2008,T.M. lèvre _bouche_pharynx,01 - Ain,1,Ain,0,0,0,5,0,5,21,68,78,17,5,201
Départements,01 - Ain_2009_Ensemble,Ensemble,12/31/2019,02009-Tumeur maligne de l'oesophage,2009,Tumeur maligne de l'oesophage,01 - Ain,1,Ain,0,0,0,0,0,0,4,15,23,13,7,63
Départements,01 - Ain_2009_Ensemble,Ensemble,12/31/2018,02009-Tumeur maligne de l'oesophage,2009,Tumeur maligne de l'oesophage,01 - Ain,1,Ain,0,0,0,0,0,0,15,14,20,15,6,71
Départements,01 - Ain_2009_Ensemble,Ensemble,12/31/2021,02009-Tumeur maligne de l'oesophage,2009,Tumeur maligne de l'oesophage,01 - Ain,1,Ain,0,0,0,0,0,0,3,13,18,19,3,56
Départements,01 - Ain_2009_Ensemble,Ensemble,12/31/2022,02009-Tumeur maligne de l'oesophage,2009,Tumeur maligne de l'oesophage,01 - Ain,1,Ain,0,0,0,0,0,0,0,16,23,23,0,64
Départements,01 - Ain_2009_Ensemble,Ensemble,12/31/2020,02009-Tumeur maligne de l'oesophage,2009,Tumeur maligne de l'oesophage,01 - Ain,1,Ain,0,0,0,0,0,0,0,16,25,17,12,72
Départements,01 - Ain_2010_Ensemble,Ensemble,12/31/2022,02010-Tumeur maligne de l'estomac,2010,Tumeur maligne de l'estomac,01 - Ain,1,Ain,0,0,0,0,0,0,11,23,41,30,13,121
Départements,01 - Ain_2010_Ensemble,Ensemble,12/31/2021,02010-Tumeur maligne de l'estomac,2010,Tumeur maligne de l'estomac,01 - Ain,1,Ain,0,0,0,0,0,6,7,19,36,32,13,114
Départements,01 - Ain_2010_Ensemble,Ensemble,12/31/2019,02010-Tumeur maligne de l'estomac,2010,Tumeur maligne de l'estomac,01 - Ain,1,Ain,0,0,0,0,0,0,8,15,30,27,27,111
Départements,01 - Ain_2010_Ensemble,Ensemble,12/31/2020,02010-Tumeur maligne de l'estomac,2010,Tumeur maligne de l'estomac,01 - Ain,1,Ain,0,0,0,0,0,0,4,16,25,25,15,85
Départements,01 - Ain_2010_Ensemble,Ensemble,12/31/2018,02010-Tumeur maligne de l'estomac,2010,Tumeur maligne de l'estomac,01 - Ain,1,Ain,0,0,0,0,0,4,11,22,32,16,12,97
Départements,01 - Ain_2011_Ensemble,Ensemble,12/31/2022,02011-Tumeurs malignes colo-rectales,2011,Tumeurs malignes colo,01 - Ain,1,Ain,0,0,0,0,0,24,35,116,159,137,55,528
Départements,01 - Ain_2011_Ensemble,Ensemble,12/31/2019,02011-Tumeurs malignes colo-rectales,2011,Tumeurs malignes colo,01 - Ain,1,Ain,0,0,0,3,5,20,44,117,184,110,73,557
Départements,01 - Ain_2011_Ensemble,Ensemble,12/31/2021,02011-Tumeurs malignes colo-rectales,2011,Tumeurs malignes colo,01 - Ain,1,Ain,0,0,0,0,9,16,38,105,157,173,77,577
Départements,01 - Ain_2011_Ensemble,Ensemble,12/31/2020,02011-Tumeurs malignes colo-rectales,2011,Tumeurs malignes colo,01 - Ain,1,Ain,0,0,0,0,7,17,53,126,165,118,61,549
Départements,01 - Ain_2011_Ensemble,Ensemble,12/31/2018,02011-Tumeurs malignes colo-rectales,2011,Tumeurs malignes colo,01 - Ain,1,Ain,0,0,0,3,8,22,63,133,198,117,69,613
Départements,01 - Ain_2012_Ensemble,Ensemble,12/31/2022,02012-T.M.foie et voies biliaires intrahép,2012,T.M.foie et voies biliaires intrahép,01 - Ain,1,Ain,0,0,0,0,0,0,11,43,92,57,13,219
Départements,01 - Ain_2012_Ensemble,Ensemble,12/31/2018,02012-T.M.foie et voies biliaires intrahép,2012,T.M.foie et voies biliaires intrahép,01 - Ain,1,Ain,0,0,0,0,0,4,14,49,62,39,13,182
Départements,01 - Ain_2012_Ensemble,Ensemble,12/31/2021,02012-T.M.foie et voies biliaires intrahép,2012,T.M.foie et voies biliaires intrahép,01 - Ain,1,Ain,0,0,0,0,0,3,4,51,76,40,5,179
Départements,01 - Ain_2012_Ensemble,Ensemble,12/31/2020,02012-T.M.foie et voies biliaires intrahép,2012,T.M.foie et voies biliaires intrahép,01 - Ain,1,Ain,0,0,0,0,0,5,11,46,61,36,8,167
Départements,01 - Ain_2012_Ensemble,Ensemble,12/31/2019,02012-T.M.foie et voies biliaires intrahép,2012,T.M.foie et voies biliaires intrahép,01 - Ain,1,Ain,0,0,0,0,3,0,8,43,58,39,10,163
Départements,01 - Ain_2013_Ensemble,Ensemble,12/31/2019,02013-Tumeur maligne du pancréas,2013,Tumeur maligne du pancréas,01 - Ain,1,Ain,0,0,0,0,0,0,9,36,76,24,26,175
Départements,01 - Ain_2013_Ensemble,Ensemble,12/31/2018,02013-Tumeur maligne du pancréas,2013,Tumeur maligne du pancréas,01 - Ain,1,Ain,0,0,0,0,0,4,6,22,49,39,23,143
Départements,01 - Ain_2013_Ensemble,Ensemble,12/31/2022,02013-Tumeur maligne du pancréas,2013,Tumeur maligne du pancréas,01 - Ain,1,Ain,0,0,0,0,0,0,25,20,67,48,25,187
Départements,01 - Ain_2013_Ensemble,Ensemble,12/31/2020,02013-Tumeur maligne du pancréas,2013,Tumeur maligne du pancréas,01 - Ain,1,Ain,0,0,0,0,0,9,10,36,66,42,23,188
Départements,01 - Ain_2013_Ensemble,Ensemble,12/31/2021,02013-Tumeur maligne du pancréas,2013,Tumeur maligne du pancréas,01 - Ain,1,Ain,0,0,0,0,0,4,16,43,72,70,27,233
Départements,01 - Ain_2014_Ensemble,Ensemble,12/31/2020,02014-Tumeur maligne du larynx,2014,Tumeur maligne du larynx,01 - Ain,1,Ain,0,0,0,0,0,3,3,14,33,12,0,66
Départements,01 - Ain_2014_Ensemble,Ensemble,12/31/2022,02014-Tumeur maligne du larynx,2014,Tumeur maligne du larynx,01 - Ain,1,Ain,0,0,0,0,0,0,6,7,15,12,4,46
Départements,01 - Ain_2014_Ensemble,Ensemble,12/31/2018,02014-Tumeur maligne du larynx,2014,Tumeur maligne du larynx,01 - Ain,1,Ain,0,0,0,0,0,0,8,28,23,14,0,75
Départements,01 - Ain_2014_Ensemble,Ensemble,12/31/2021,02014-Tumeur maligne du larynx,2014,Tumeur maligne du larynx,01 - Ain,1,Ain,0,0,0,0,0,0,5,14,17,10,0,48
Départements,01 - Ain_2014_Ensemble,Ensemble,12/31/2019,02014-Tumeur maligne du larynx,2014,Tumeur maligne du larynx,01 - Ain,1,Ain,0,0,0,0,0,0,0,24,16,13,0,55
Départements,01 - Ain_2015_Ensemble,Ensemble,12/31/2019,02015-T.M. trachée_bronches_poumon,2015,T.M. trachée_bronches_poumon,01 - Ain,1,Ain,0,0,0,0,0,6,36,124,190,87,35,481
Départements,01 - Ain_2015_Ensemble,Ensemble,12/31/2020,02015-T.M. trachée_bronches_poumon,2015,T.M. trachée_bronches_poumon,01 - Ain,1,Ain,0,0,0,0,3,4,34,96,164,93,40,435
Départements,01 - Ain_2015_Ensemble,Ensemble,12/31/2018,02015-T.M. trachée_bronches_poumon,2015,T.M. trachée_bronches_poumon,01 - Ain,1,Ain,0,0,0,0,0,14,38,112,187,88,19,458
Départements,01 - Ain_2015_Ensemble,Ensemble,12/31/2021,02015-T.M. trachée_bronches_poumon,2015,T.M. trachée_bronches_poumon,01 - Ain,1,Ain,0,0,0,0,0,6,45,101,163,92,19,426
Départements,01 - Ain_2015_Ensemble,Ensemble,12/31/2022,02015-T.M. trachée_bronches_poumon,2015,T.M. trachée_bronches_poumon,01 - Ain,1,Ain,0,0,0,0,3,13,52,109,200,96,25,499
Départements,01 - Ain_2016_Ensemble,Ensemble,12/31/2022,02016-Mélanome malin de la peau,2016,Mélanome malin de la peau,01 - Ain,1,Ain,0,0,0,0,5,7,24,24,21,20,8,111
Départements,01 - Ain_2016_Ensemble,Ensemble,12/31/2021,02016-Mélanome malin de la peau,2016,Mélanome malin de la peau,01 - Ain,1,Ain,0,0,0,0,0,4,17,14,27,18,9,93
Départements,01 - Ain_2016_Ensemble,Ensemble,12/31/2018,02016-Mélanome malin de la peau,2016,Mélanome malin de la peau,01 - Ain,1,Ain,0,0,0,0,4,4,25,25,40,12,9,119
Départements,01 - Ain_2016_Ensemble,Ensemble,12/31/2019,02016-Mélanome malin de la peau,2016,Mélanome malin de la peau,01 - Ain,1,Ain,0,0,0,0,6,7,12,27,17,14,8,91
Départements,01 - Ain_2016_Ensemble,Ensemble,12/31/2020,02016-Mélanome malin de la peau,2016,Mélanome malin de la peau,01 - Ain,1,Ain,0,0,0,0,0,7,13,20,22,18,8,92
Départements,01 - Ain_2017_Ensemble,Ensemble,12/31/2022,02017-Tumeur maligne du sein,2017,Tumeur maligne du sein,01 - Ain,1,Ain,0,0,0,0,13,71,123,134,205,95,25,666
Départements,01 - Ain_2017_Ensemble,Ensemble,12/31/2018,02017-Tumeur maligne du sein,2017,Tumeur maligne du sein,01 - Ain,1,Ain,0,0,0,0,15,65,162,138,172,77,26,656
Départements,01 - Ain_2017_Ensemble,Ensemble,12/31/2021,02017-Tumeur maligne du sein,2017,Tumeur maligne du sein,01 - Ain,1,Ain,0,0,0,4,19,62,141,135,166,93,30,650
Départements,01 - Ain_2017_Ensemble,Ensemble,12/31/2019,02017-Tumeur maligne du sein,2017,Tumeur maligne du sein,01 - Ain,1,Ain,0,0,0,0,14,69,147,149,162,66,33,641
Départements,01 - Ain_2017_Ensemble,Ensemble,12/31/2020,02017-Tumeur maligne du sein,2017,Tumeur maligne du sein,01 - Ain,1,Ain,0,0,0,0,12,63,142,147,186,75,22,647
Départements,01 - Ain_2018_Ensemble,Ensemble,12/31/2021,02018-Tumeur maligne de l'utérus,2018,Tumeur maligne de l'utérus,01 - Ain,1,Ain,0,0,0,0,3,17,12,25,33,30,9,129
Départements,01 - Ain_2018_Ensemble,Ensemble,12/31/2022,02018-Tumeur maligne de l'utérus,2018,Tumeur maligne de l'utérus,01 - Ain,1,Ain,0,0,0,0,0,17,22,29,20,24,9,123
Départements,01 - Ain_2018_Ensemble,Ensemble,12/31/2020,02018-Tumeur maligne de l'utérus,2018,Tumeur maligne de l'utérus,01 - Ain,1,Ain,0,0,0,0,3,22,19,28,36,23,13,146
Départements,01 - Ain_2018_Ensemble,Ensemble,12/31/2018,02018-Tumeur maligne de l'utérus,2018,Tumeur maligne de l'utérus,01 - Ain,1,Ain,0,0,0,0,8,8,9,33,57,21,9,146
Départements,01 - Ain_2018_Ensemble,Ensemble,12/31/2019,02018-Tumeur maligne de l'utérus,2018,Tumeur maligne de l'utérus,01 - Ain,1,Ain,0,0,0,0,4,11,7,18,30,19,5,94
Départements,01 - Ain_2019_Ensemble,Ensemble,12/31/2022,02019-Tumeur maligne de la prostate,2019,Tumeur maligne de la prostate,01 - Ain,1,Ain,0,0,0,0,0,0,12,134,194,91,27,458
Départements,01 - Ain_2019_Ensemble,Ensemble,12/31/2020,02019-Tumeur maligne de la prostate,2019,Tumeur maligne de la prostate,01 - Ain,1,Ain,0,0,0,0,0,0,13,103,195,70,16,398
Départements,01 - Ain_2019_Ensemble,Ensemble,12/31/2019,02019-Tumeur maligne de la prostate,2019,Tumeur maligne de la prostate,01 - Ain,1,Ain,0,0,0,0,0,0,24,132,217,87,21,482
Départements,01 - Ain_2019_Ensemble,Ensemble,12/31/2018,02019-Tumeur maligne de la prostate,2019,Tumeur maligne de la prostate,01 - Ain,1,Ain,0,0,0,0,0,0,21,134,201,81,25,462
Départements,01 - Ain_2019_Ensemble,Ensemble,12/31/2021,02019-Tumeur maligne de la prostate,2019,Tumeur maligne de la prostate,01 - Ain,1,Ain,0,0,0,0,0,0,16,106,209,103,21,455
Départements,01 - Ain_2020_Ensemble,Ensemble,12/31/2021,02020-Tumeur maligne de la vessie,2020,Tumeur maligne de la vessie,01 - Ain,1,Ain,0,0,0,0,3,6,40,57,157,179,51,493
Départements,01 - Ain_2020_Ensemble,Ensemble,12/31/2022,02020-Tumeur maligne de la vessie,2020,Tumeur maligne de la vessie,01 - Ain,1,Ain,0,0,0,0,0,3,18,61,149,161,73,467
Départements,01 - Ain_2020_Ensemble,Ensemble,12/31/2020,02020-Tumeur maligne de la vessie,2020,Tumeur maligne de la vessie,01 - Ain,1,Ain,0,0,0,0,3,11,26,70,165,135,62,474
Départements,01 - Ain_2020_Ensemble,Ensemble,12/31/2019,02020-Tumeur maligne de la vessie,2020,Tumeur maligne de la vessie,01 - Ain,1,Ain,0,0,0,0,0,6,19,92,146,151,61,477
Départements,01 - Ain_2020_Ensemble,Ensemble,12/31/2018,02020-Tumeur maligne de la vessie,2020,Tumeur maligne de la vessie,01 - Ain,1,Ain,0,0,0,0,0,4,25,84,151,122,54,440
Départements,01 - Ain_2021_Ensemble,Ensemble,12/31/2019,02021-T.M. système nerveux central,2021,T.M. système nerveux central,01 - Ain,1,Ain,0,3,4,7,4,6,14,42,17,16,4,117
Départements,01 - Ain_2021_Ensemble,Ensemble,12/31/2020,02021-T.M. système nerveux central,2021,T.M. système nerveux central,01 - Ain,1,Ain,0,6,0,0,4,8,18,26,41,17,7,129
Départements,01 - Ain_2021_Ensemble,Ensemble,12/31/2022,02021-T.M. système nerveux central,2021,T.M. système nerveux central,01 - Ain,1,Ain,0,0,0,0,0,6,16,12,22,17,4,80
Départements,01 - Ain_2021_Ensemble,Ensemble,12/31/2018,02021-T.M. système nerveux central,2021,T.M. système nerveux central,01 - Ain,1,Ain,0,5,6,0,0,3,11,49,29,28,5,139
Départements,01 - Ain_2021_Ensemble,Ensemble,12/31/2021,02021-T.M. système nerveux central,2021,T.M. système nerveux central,01 - Ain,1,Ain,0,5,5,3,0,8,16,22,23,25,4,113
Départements,01 - Ain_2022_Ensemble,Ensemble,12/31/2020,02022-Tumeur maligne de la thyroïde,2022,Tumeur maligne de la thyroïde,01 - Ain,1,Ain,0,0,0,0,6,9,18,7,9,4,0,55
Départements,01 - Ain_2022_Ensemble,Ensemble,12/31/2018,02022-Tumeur maligne de la thyroïde,2022,Tumeur maligne de la thyroïde,01 - Ain,1,Ain,0,0,0,0,9,11,20,11,11,4,0,67
Départements,01 - Ain_2022_Ensemble,Ensemble,12/31/2022,02022-Tumeur maligne de la thyroïde,2022,Tumeur maligne de la thyroïde,01 - Ain,1,Ain,0,0,0,0,6,9,13,8,12,6,0,57
Départements,01 - Ain_2022_Ensemble,Ensemble,12/31/2019,02022-Tumeur maligne de la thyroïde,2022,Tumeur maligne de la thyroïde,01 - Ain,1,Ain,0,0,0,5,5,9,12,13,11,0,0,58
Départements,01 - Ain_2022_Ensemble,Ensemble,12/31/2021,02022-Tumeur maligne de la thyroïde,2022,Tumeur maligne de la thyroïde,01 - Ain,1,Ain,0,0,0,6,4,19,12,9,9,7,0,67
Départements,01 - Ain_2023_Ensemble,Ensemble,12/31/2021,02023-Leucémies,2023,Leucémies,01 - Ain,1,Ain,0,0,7,3,3,3,8,17,24,24,10,99
Départements,01 - Ain_2023_Ensemble,Ensemble,12/31/2018,02023-Leucémies,2023,Leucémies,01 - Ain,1,Ain,0,3,7,4,8,8,25,16,41,18,8,139
Départements,01 - Ain_2023_Ensemble,Ensemble,12/31/2022,02023-Leucémies,2023,Leucémies,01 - Ain,1,Ain,0,7,10,6,0,9,15,33,36,15,11,142
Départements,01 - Ain_2023_Ensemble,Ensemble,12/31/2019,02023-Leucémies,2023,Leucémies,01 - Ain,1,Ain,0,0,10,4,6,10,11,16,45,23,8,135
Départements,01 - Ain_2023_Ensemble,Ensemble,12/31/2020,02023-Leucémies,2023,Leucémies,01 - Ain,1,Ain,0,0,10,0,0,4,13,26,35,21,9,124
Départements,01 - Ain_2024_Ensemble,Ensemble,12/31/2019,02024-Tumeurs malignes secondaires,2024,Tumeurs malignes secondaires,01 - Ain,1,Ain,0,0,3,0,12,41,103,206,261,127,51,805
Départements,01 - Ain_2024_Ensemble,Ensemble,12/31/2021,02024-Tumeurs malignes secondaires,2024,Tumeurs malignes secondaires,01 - Ain,1,Ain,0,0,5,3,12,33,78,174,258,147,54,764
Départements,01 - Ain_2024_Ensemble,Ensemble,12/31/2018,02024-Tumeurs malignes secondaires,2024,Tumeurs malignes secondaires,01 - Ain,1,Ain,0,0,3,3,6,37,99,217,276,148,62,852
Départements,01 - Ain_2024_Ensemble,Ensemble,12/31/2020,02024-Tumeurs malignes secondaires,2024,Tumeurs malignes secondaires,01 - Ain,1,Ain,0,0,3,0,9,34,101,184,248,173,49,802
Départements,01 - Ain_2024_Ensemble,Ensemble,12/31/2022,02024-Tumeurs malignes secondaires,2024,Tumeurs malignes secondaires,01 - Ain,1,Ain,0,0,0,0,13,41,78,190,248,135,39,746