cle_unique,niveau,sexe,pathologie,code_pathologie,nom_pathologie,departement,code_departement,nom_departement,nbr_hospi_2018,nbr_hospi_2019,nbr_hospi_2020,nbr_hospi_2021,nbr_hospi_2022
01 - Ain_1001_Ensemble,Départements,Ensemble,01001-Maladies intestinales infectieuses,1001,Maladies intestinales infectieuses,01 - Ain,1,Ain,1005,1066,707,890,1004
01 - Ain_1002_Ensemble,Départements,Ensemble,01002-Tuberculose,1002,Tuberculose,01 - Ain,1,Ain,44,43,32,31,47
01 - Ain_1003_Ensemble,Départements,Ensemble,01003-Septicémies,1003,Septicémies,01 - Ain,1,Ain,256,280,281,209,191
01 - Ain_1004_Ensemble,Départements,Ensemble,01004-Mal.sexuellement transmissibles,1004,Mal.sexuellement transmissibles,01 - Ain,1,Ain,126,141,112,126,128
01 - Ain_1005_Ensemble,Départements,Ensemble,01005-Hépatites virales,1005,Hépatites virales,01 - Ain,1,Ain,22,26,21,18,21
01 - Ain_1006_Ensemble,Départements,Ensemble,01006-Maladies dues au V.I.H.,1006,Maladies dues au V.I.H.,01 - Ain,1,Ain,8,6,5,3,6
01 - Ain_10075_Ensemble,Départements,Ensemble,10075-Affections aiguës voies respir. sup.,10075,Affections aiguës voies respir. sup.,01 - Ain,1,Ain,483,536,280,332,451
01 - Ain_10076_Ensemble,Départements,Ensemble,10076-Pneumonie,10076,Pneumonie,01 - Ain,1,Ain,1751,1906,1412,1207,1458
01 - Ain_10077_Ensemble,Départements,Ensemble,10077-Bronchite et bronchiolite aiguës,10077,Bronchite et bronchiolite aiguës,01 - Ain,1,Ain,872,861,514,768,819
01 - Ain_10078_Ensemble,Départements,Ensemble,10078-Mal.chron.amygdales_végé.adénoïdes,10078,Mal.chron.amygdales_végé.adénoïdes,01 - Ain,1,Ain,1048,979,591,739,967
01 - Ain_10079_Ensemble,Départements,Ensemble,10079-Asthme,10079,Asthme,01 - Ain,1,Ain,442,379,309,455,442
01 - Ain_10080_Ensemble,Départements,Ensemble,10080-Bronchite chron._mal.pulm.obst.chron,10080,Bronchite chron._mal.pulm.obst.chron,01 - Ain,1,Ain,789,931,594,568,627
01 - Ain_10081_Ensemble,Départements,Ensemble,10081-Pleurésie,10081,Pleurésie,01 - Ain,1,Ain,273,276,271,278,293
01 - Ain_11074_Ensemble,Départements,Ensemble,11074-Hémorroïdes (à partir de 2015),11074,Hémorroïdes (à partir de 2015),01 - Ain,1,Ain,687,652,495,696,654
01 - Ain_11082_Ensemble,Départements,Ensemble,11082-Maladies des dents et du parodonte,11082,Maladies des dents et du parodonte,01 - Ain,1,Ain,4695,4826,3271,4597,4566
01 - Ain_11083_Ensemble,Départements,Ensemble,11083-Maladies de l'oesophage,11083,Maladies de l'oesophage,01 - Ain,1,Ain,970,913,823,1047,982
01 - Ain_11084_Ensemble,Départements,Ensemble,11084-Ulcères de l'estomac et du duodénum,11084,Ulcères de l'estomac et du duodénum,01 - Ain,1,Ain,233,177,173,219,198
01 - Ain_11085_Ensemble,Départements,Ensemble,11085-Appendicite,11085,Appendicite,01 - Ain,1,Ain,659,735,728,724,735
01 - Ain_11086_Ensemble,Départements,Ensemble,11086-Hernie abdominale,11086,Hernie abdominale,01 - Ain,1,Ain,2413,2364,1884,2243,2372
01 - Ain_11087_Ensemble,Départements,Ensemble,11087-Occlusion sans mention de hernie,11087,Occlusion sans mention de hernie,01 - Ain,1,Ain,634,668,661,589,622
01 - Ain_11088_Ensemble,Départements,Ensemble,11088-Diverticulose intestinale,11088,Diverticulose intestinale,01 - Ain,1,Ain,1570,1468,1184,1357,1268
01 - Ain_11089_Ensemble,Départements,Ensemble,11089-Fistule_abcès rég. anale et rectale,11089,Fistule_abcès rég. anale et rectale,01 - Ain,1,Ain,365,392,352,384,361
01 - Ain_11090_Ensemble,Départements,Ensemble,11090-Cirrhose et maladies chron.du foie,11090,Cirrhose et maladies chron.du foie,01 - Ain,1,Ain,192,210,197,241,223
01 - Ain_11091_Ensemble,Départements,Ensemble,11091-Lithiase biliaire,11091,Lithiase biliaire,01 - Ain,1,Ain,1446,1407,1393,1443,1449
01 - Ain_11092_Ensemble,Départements,Ensemble,11092-Hémorragie dig.sans mention ulcère,11092,Hémorragie dig.sans mention ulcère,01 - Ain,1,Ain,272,260,223,235,236
01 - Ain_12093_Ensemble,Départements,Ensemble,12093-Infections peau_tissu cell.ss-cutané,12093,Infections peau_tissu cell.ss,01 - Ain,1,Ain,1078,1077,954,1067,992
01 - Ain_13094_Ensemble,Départements,Ensemble,13094-Arthrite rhumatoïde sauf colonne,13094,Arthrite rhumatoïde sauf colonne,01 - Ain,1,Ain,117,95,75,105,103
01 - Ain_13095_Ensemble,Départements,Ensemble,13095-Autres arthropathies,13095,Autres arthropathies,01 - Ain,1,Ain,577,613,553,588,631
01 - Ain_13096_Ensemble,Départements,Ensemble,13096-Arthroses sauf de la colonne,13096,Arthroses sauf de la colonne,01 - Ain,1,Ain,2802,2700,2167,2701,2738
01 - Ain_13097_Ensemble,Départements,Ensemble,13097-Autres lésions articulaires,13097,Autres lésions articulaires,01 - Ain,1,Ain,2583,2619,1964,2357,2459
01 - Ain_13098_Ensemble,Départements,Ensemble,13098-Spondylopathies,13098,Spondylopathies,01 - Ain,1,Ain,620,524,546,565,575
01 - Ain_13099_Ensemble,Départements,Ensemble,13099-Hernie discale,13099,Hernie discale,01 - Ain,1,Ain,607,726,626,667,634
01 - Ain_13100_Ensemble,Départements,Ensemble,13100-Autres affections origine vertébrale,13100,Autres affections origine vertébrale,01 - Ain,1,Ain,818,753,641,730,674
01 - Ain_13101_Ensemble,Départements,Ensemble,13101-Affections des tissus mous,13101,Affections des tissus mous,01 - Ain,1,Ain,2641,2594,2217,2637,2528
01 - Ain_13102_Ensemble,Départements,Ensemble,13102-Ostéopathies et chondropathies,13102,Ostéopathies et chondropathies,01 - Ain,1,Ain,727,723,570,693,731
01 - Ain_13103_Ensemble,Départements,Ensemble,13103-Déformations acquises_autres affec.,13103,Déformations acquises_autres affec.,01 - Ain,1,Ain,1157,1052,745,870,951
01 - Ain_14104_Ensemble,Départements,Ensemble,14104-Néphrite_syndr.néphrotique_néphrose,14104,Néphrite_syndr.néphrotique_néphrose,01 - Ain,1,Ain,80,116,97,89,79
01 - Ain_14105_Ensemble,Départements,Ensemble,14105-Infection rein et voies urinaires,14105,Infection rein et voies urinaires,01 - Ain,1,Ain,1179,1203,1134,1102,1096
01 - Ain_14106_Ensemble,Départements,Ensemble,14106-Insuffisance rénale,14106,Insuffisance rénale,01 - Ain,1,Ain,451,437,452,479,508
01 - Ain_14107_Ensemble,Départements,Ensemble,14107-Calculs des voies urinaires,14107,Calculs des voies urinaires,01 - Ain,1,Ain,1710,1731,1654,1676,1670
01 - Ain_14108_Ensemble,Départements,Ensemble,14108-Cystite,14108,Cystite,01 - Ain,1,Ain,132,127,107,121,137
01 - Ain_14109_Ensemble,Départements,Ensemble,14109-Stérilité,14109,Stérilité,01 - Ain,1,Ain,162,176,176,227,205
01 - Ain_14110_Ensemble,Départements,Ensemble,14110-Hyperplasie de la prostate,14110,Hyperplasie de la prostate,01 - Ain,1,Ain,566,484,387,485,463
01 - Ain_14111_Ensemble,Départements,Ensemble,14111-Hydrocèle et spermatocèle,14111,Hydrocèle et spermatocèle,01 - Ain,1,Ain,105,130,93,124,108
01 - Ain_14112_Ensemble,Départements,Ensemble,14112-Phimosis,14112,Phimosis,01 - Ain,1,Ain,707,713,455,785,687
01 - Ain_14113_Ensemble,Départements,Ensemble,14113-Affections du sein,14113,Affections du sein,01 - Ain,1,Ain,307,320,274,381,342
01 - Ain_14114_Ensemble,Départements,Ensemble,14114-Affect.inflam.org.génitaux féminins,14114,Affect.inflam.org.génitaux féminins,01 - Ain,1,Ain,245,225,182,199,200
01 - Ain_14115_Ensemble,Départements,Ensemble,14115-Prolapsus génital,14115,Prolapsus génital,01 - Ain,1,Ain,620,484,303,425,461
01 - Ain_14116_Ensemble,Départements,Ensemble,14116-Hémor.génitales_trbls menstruation,14116,Hémor.génitales_trbls menstruation,01 - Ain,1,Ain,245,283,187,207,190
01 - Ain_15117_Ensemble,Départements,Ensemble,15117-Avortement toutes causes,15117,Avortement toutes causes,01 - Ain,1,Ain,1897,2095,1889,1870,1882
01 - Ain_15118_Ensemble,Départements,Ensemble,15118-Accouchement unique et spontané,15118,Accouchement unique et spontané,01 - Ain,1,Ain,3652,3490,3406,3424,3370
01 - Ain_15119_Ensemble,Départements,Ensemble,15119-Grossesse ou accouchement compliqués,15119,Grossesse ou accouchement compliqués,01 - Ain,1,Ain,4578,4506,4404,4762,4561
01 - Ain_16120_Ensemble,Départements,Ensemble,16120-Prématurité et hypotrophie,16120,Prématurité et hypotrophie,01 - Ain,1,Ain,307,297,299,305,227
01 - Ain_17121_Ensemble,Départements,Ensemble,17121-Malform.congén.cardio-vasculaires,17121,Malform.congén.cardio,01 - Ain,1,Ain,178,157,134,131,153
01 - Ain_17122_Ensemble,Départements,Ensemble,17122-Malform.congén.appareil digestif,17122,Malform.congén.appareil digestif,01 - Ain,1,Ain,121,110,90,109,90
01 - Ain_17123_Ensemble,Départements,Ensemble,17123-Malform.congén.organes génitaux,17123,Malform.congén.organes génitaux,01 - Ain,1,Ain,208,206,147,207,177
01 - Ain_17124_Ensemble,Départements,Ensemble,17124-Malform.congén.appareil urinaire,17124,Malform.congén.appareil urinaire,01 - Ain,1,Ain,45,43,44,39,32
01 - Ain_17125_Ensemble,Départements,Ensemble,17125-Malform.congén.ostéo-musculaires,17125,Malform.congén.ostéo,01 - Ain,1,Ain,112,112,107,117,114
01 - Ain_18126_Ensemble,Départements,Ensemble,18126-Sympt.circulatoires et respiratoires,18126,Sympt.circulatoires et respiratoires,01 - Ain,1,Ain,2240,2446,2278,2360,2030
01 - Ain_18127_Ensemble,Départements,Ensemble,18127-Sympt.appareil digestif et abdomen,18127,Sympt.appareil digestif et abdomen,01 - Ain,1,Ain,2765,2857,2234,2744,2478
01 - Ain_18128_Ensemble,Départements,Ensemble,18128-Sympt.syst.nerveux et ostéo-muscul.,18128,Sympt.syst.nerveux et ostéo,01 - Ain,1,Ain,828,733,706,747,723
01 - Ain_18129_Ensemble,Départements,Ensemble,18129-Symptômes appareil urinaire,18129,Symptômes appareil urinaire,01 - Ain,1,Ain,558,505,441,525,512
01 - Ain_18130_Ensemble,Départements,Ensemble,18130-Symptômes  et signes généraux,18130,Symptômes  et signes généraux,01 - Ain,1,Ain,4584,4319,3636,3977,3926
01 - Ain_18131_Ensemble,Départements,Ensemble,18131-Résult.anormaux examens sans sympt.,18131,Résult.anormaux examens sans sympt.,01 - Ain,1,Ain,407,401,380,393,406
01 - Ain_19132_Ensemble,Départements,Ensemble,19132-Fracture crâne et os de la face,19132,Fracture crâne et os de la face,01 - Ain,1,Ain,272,260,219,232,259
01 - Ain_19133_Ensemble,Départements,Ensemble,19133-Fracture colonne et os du tronc,19133,Fracture colonne et os du tronc,01 - Ain,1,Ain,800,862,781,922,932
01 - Ain_19134_Ensemble,Départements,Ensemble,19134-Fracture du membre supérieur,19134,Fracture du membre supérieur,01 - Ain,1,Ain,1761,1822,1782,1835,1923
01 - Ain_19135_Ensemble,Départements,Ensemble,19135-Fracture du col du fémur,19135,Fracture du col du fémur,01 - Ain,1,Ain,806,818,807,820,854
01 - Ain_19136_Ensemble,Départements,Ensemble,19136-Autre fracture du membre inférieur,19136,Autre fracture du membre inférieur,01 - Ain,1,Ain,843,846,777,741,855
01 - Ain_19137_Ensemble,Départements,Ensemble,19137-Luxations et entorses,19137,Luxations et entorses,01 - Ain,1,Ain,1192,1295,1140,1291,1285
01 - Ain_19138_Ensemble,Départements,Ensemble,19138-Traumatisme crânien,19138,Traumatisme crânien,01 - Ain,1,Ain,949,963,804,860,891
01 - Ain_19139_Ensemble,Départements,Ensemble,19139-Trauma.intrathorac._intra-abdominal,19139,Trauma.intrathorac._intra,01 - Ain,1,Ain,185,219,168,196,172
01 - Ain_19140_Ensemble,Départements,Ensemble,19140-Traumatisme des nerfs,19140,Traumatisme des nerfs,01 - Ain,1,Ain,162,143,147,225,236
01 - Ain_19141_Ensemble,Départements,Ensemble,19141-Plaie tête (inclu globe oculaire),19141,Plaie tête (inclu globe oculaire),01 - Ain,1,Ain,225,274,237,282,225
01 - Ain_19142_Ensemble,Départements,Ensemble,19142-Plaie du membre supérieur,19142,Plaie du membre supérieur,01 - Ain,1,Ain,448,477,432,466,423
01 - Ain_19143_Ensemble,Départements,Ensemble,19143-Plaie du membre inférieur,19143,Plaie du membre inférieur,01 - Ain,1,Ain,104,101,95,90,97
01 - Ain_19144_Ensemble,Départements,Ensemble,19144-Corps étranger par orifice naturel,19144,Corps étranger par orifice naturel,01 - Ain,1,Ain,116,100,133,132,120
01 - Ain_19145_Ensemble,Départements,Ensemble,19145-Brûlure et corrosion,19145,Brûlure et corrosion,01 - Ain,1,Ain,78,73,64,86,88
01 - Ain_19146_Ensemble,Départements,Ensemble,19146-Intoxication produit pharmaceutique,19146,Intoxication produit pharmaceutique,01 - Ain,1,Ain,737,668,615,633,638
01 - Ain_19147_Ensemble,Départements,Ensemble,19147-Intoxication prod.non pharmaceutique,19147,Intoxication prod.non pharmaceutique,01 - Ain,1,Ain,78,73,90,60,64
01 - Ain_19148_Ensemble,Départements,Ensemble,19148-Effet nocif de cause extérieure,19148,Effet nocif de cause extérieure,01 - Ain,1,Ain,199,170,166,144,157
01 - Ain_19149_Ensemble,Départements,Ensemble,19149-Complic.acte chir.ou soin méd.n.c.a.,19149,Complic.acte chir.ou soin méd.n.c.a.,01 - Ain,1,Ain,918,930,836,850,743
01 - Ain_2007_Ensemble,Départements,Ensemble,02007-Tumeurs malignes,2007,Tumeurs malignes,01 - Ain,1,Ain,6657,6487,6311,6429,6420
01 - Ain_2008_Ensemble,Départements,Ensemble,02008-T.M. lèvre _bouche_pharynx,2008,T.M. lèvre _bouche_pharynx,01 - Ain,1,Ain,144,201,208,198,190
01 - Ain_2009_Ensemble,Départements,Ensemble,02009-Tumeur maligne de l'oesophage,2009,Tumeur maligne de l'oesophage,01 - Ain,1,Ain,71,63,72,56,64
01 - Ain_2010_Ensemble,Départements,Ensemble,02010-Tumeur maligne de l'estomac,2010,Tumeur maligne de l'estomac,01 - Ain,1,Ain,97,111,85,114,121
01 - Ain_2011_Ensemble,Départements,Ensemble,02011-Tumeurs malignes colo-rectales,2011,Tumeurs malignes colo,01 - Ain,1,Ain,613,557,549,577,528
01 - Ain_2012_Ensemble,Départements,Ensemble,02012-T.M.foie et voies biliaires intrahép,2012,T.M.foie et voies biliaires intrahép,01 - Ain,1,Ain,182,163,167,179,219
01 - Ain_2013_Ensemble,Départements,Ensemble,02013-Tumeur maligne du pancréas,2013,Tumeur maligne du pancréas,01 - Ain,1,Ain,143,175,188,233,187
01 - Ain_2014_Ensemble,Départements,Ensemble,02014-Tumeur maligne du larynx,2014,Tumeur maligne du larynx,01 - Ain,1,Ain,75,55,66,48,46
01 - Ain_2015_Ensemble,Départements,Ensemble,02015-T.M. trachée_bronches_poumon,2015,T.M. trachée_bronches_poumon,01 - Ain,1,Ain,458,481,435,426,499
01 - Ain_2016_Ensemble,Départements,Ensemble,02016-Mélanome malin de la peau,2016,Mélanome malin de la peau,01 - Ain,1,Ain,119,91,92,93,111
01 - Ain_2017_Ensemble,Départements,Ensemble,02017-Tumeur maligne du sein,2017,Tumeur maligne du sein,01 - Ain,1,Ain,656,641,647,650,666
01 - Ain_2018_Ensemble,Départements,Ensemble,02018-Tumeur maligne de l'utérus,2018,Tumeur maligne de l'utérus,01 - Ain,1,Ain,146,94,146,129,123
01 - Ain_2019_Ensemble,Départements,Ensemble,02019-Tumeur maligne de la prostate,2019,Tumeur maligne de la prostate,01 - Ain,1,Ain,462,482,398,455,458
01 - Ain_2020_Ensemble,Départements,Ensemble,02020-Tumeur maligne de la vessie,2020,Tumeur maligne de la vessie,01 - Ain,1,Ain,440,477,474,493,467
01 - Ain_2021_Ensemble,Départements,Ensemble,02021-T.M. système nerveux central,2021,T.M. système nerveux central,01 - Ain,1,Ain,139,117,129,113,80
01 - Ain_2022_Ensemble,Départements,Ensemble,02022-Tumeur maligne de la thyroïde,2022,Tumeur maligne de la thyroïde,01 - Ain,1,Ain,67,58,55,67,57
01 - Ain_2023_Ensemble,Départements,Ensemble,02023-Leucémies,2023,Leucémies,01 - Ain,1,Ain,139,135,124,99,142
01 - Ain_2024_Ensemble,Départements,Ensemble,02024-Tumeurs malignes secondaires,2024,Tumeurs malignes secondaires,01 - Ain,1,Ain,852,805,802,764,746
01 - Ain_2025_Ensemble,Départements,Ensemble,02025-Tumeurs bénignes,2025,Tumeurs bénignes,01 - Ain,1,Ain,5475,5146,4186,5293,5145
01 - Ain_2026_Ensemble,Départements,Ensemble,02026-T.B. côlon_rectum_anus et canal anal,2026,T.B. côlon_rectum_anus et canal anal,01 - Ain,1,Ain,3395,2978,2435,3285,3228
01 - Ain_2027_Ensemble,Départements,Ensemble,02027-Tumeurs bénignes de la peau,2027,Tumeurs bénignes de la peau,01 - Ain,1,Ain,226,251,190,179,168
01 - Ain_2028_Ensemble,Départements,Ensemble,02028-Tumeur bénigne du sein,2028,Tumeur bénigne du sein,01 - Ain,1,Ain,94,75,77,94,80
01 - Ain_2029_Ensemble,Départements,Ensemble,02029-Tumeur bénigne de l'utérus,2029,Tumeur bénigne de l'utérus,01 - Ain,1,Ain,367,405,335,391,361
01 - Ain_2030_Ensemble,Départements,Ensemble,02030-Tumeur bénigne de l'ovaire,2030,Tumeur bénigne de l'ovaire,01 - Ain,1,Ain,127,126,128,159,140
01 - Ain_2031_Ensemble,Départements,Ensemble,02031-Carcinomes in situ,2031,Carcinomes in situ,01 - Ain,1,Ain,164,210,147,179,187
01 - Ain_2032_Ensemble,Départements,Ensemble,02032-Tum. évol. imprévisible ou inconnue,2032,Tum. évol. imprévisible ou inconnue,01 - Ain,1,Ain,554,588,471,590,551
01 - Ain_21151_Ensemble,Départements,Ensemble,21151-Examen_investig.sans résult.anormaux,21151,Examen_investig.sans résult.anormaux,01 - Ain,1,Ain,6869,7165,5952,7868,8587
01 - Ain_21152_Ensemble,Départements,Ensemble,21152-Surveil.grossesse_nouveau-né normal,21152,Surveil.grossesse_nouveau,01 - Ain,1,Ain,1438,1606,1269,1742,1477
01 - Ain_21153_Ensemble,Départements,Ensemble,21153-Thérapie sans raison médicale,21153,Thérapie sans raison médicale,01 - Ain,1,Ain,493,585,412,637,613
01 - Ain_21154_Ensemble,Départements,Ensemble,21154-Dialyse,21154,Dialyse,01 - Ain,1,Ain,109,123,124,138,129
01 - Ain_21155_Ensemble,Départements,Ensemble,21155-Radiothérapie,21155,Radiothérapie,01 - Ain,1,Ain,133,118,123,139,131
01 - Ain_21156_Ensemble,Départements,Ensemble,21156-Chimiothérapie pour tumeur,21156,Chimiothérapie pour tumeur,01 - Ain,1,Ain,1512,1586,1365,1418,1271
01 - Ain_21157_Ensemble,Départements,Ensemble,21157-Surveil.post traitement med.ou chir.,21157,Surveil.post traitement med.ou chir.,01 - Ain,1,Ain,6812,7721,6529,7649,7777
01 - Ain_21158_Ensemble,Départements,Ensemble,21158-Recours raison économique ou sociale,21158,Recours raison économique ou sociale,01 - Ain,1,Ain,197,203,158,232,209
01 - Ain_22000_Ensemble,Départements,Ensemble,22000-Infection à la Covid-19,22000,Infection à la Covid,01 - Ain,1,Ain,,,3021,2540,2070
01 - Ain_3033_Ensemble,Départements,Ensemble,03033-Anémies,3033,Anémies,01 - Ain,1,Ain,1086,1228,1148,1245,1306
01 - Ain_4034_Ensemble,Départements,Ensemble,04034-Affections de la glande thyroïde,4034,Affections de la glande thyroïde,01 - Ain,1,Ain,257,273,195,229,229
01 - Ain_4035_Ensemble,Départements,Ensemble,04035-Diabète sucré,4035,Diabète sucré,01 - Ain,1,Ain,864,867,719,776,659
01 - Ain_4036_Ensemble,Départements,Ensemble,04036-Obésité et autre excès d'apport,4036,Obésité et autre excès d'apport,01 - Ain,1,Ain,822,812,500,853,712
01 - Ain_4037_Ensemble,Départements,Ensemble,04037-Anomalies du métabolisme,4037,Anomalies du métabolisme,01 - Ain,1,Ain,699,646,578,550,651
01 - Ain_5038_Ensemble,Départements,Ensemble,05038-Démences,5038,Démences,01 - Ain,1,Ain,267,296,222,224,225
01 - Ain_5039_Ensemble,Départements,Ensemble,05039-Intoxication aiguë due à l'alcool,5039,Intoxication aiguë due à l'alcool,01 - Ain,1,Ain,701,631,522,527,451
01 - Ain_5040_Ensemble,Départements,Ensemble,05040-Alcool.chron._ trbl mental dû alcool,5040,Alcool.chron._ trbl mental dû alcool,01 - Ain,1,Ain,288,278,251,211,214
01 - Ain_5041_Ensemble,Départements,Ensemble,05041-Schizophrénie_aut.trbl délir.non org,5041,Schizophrénie_aut.trbl délir.non org,01 - Ain,1,Ain,95,98,87,117,100
01 - Ain_5042_Ensemble,Départements,Ensemble,05042-Dépression_autre trouble de l'humeur,5042,Dépression_autre trouble de l'humeur,01 - Ain,1,Ain,447,389,354,322,324
01 - Ain_5043_Ensemble,Départements,Ensemble,05043-Trbl névrotique_ person._comport.,5043,Trbl névrotique_ person._comport.,01 - Ain,1,Ain,486,517,516,445,452
01 - Ain_5044_Ensemble,Départements,Ensemble,05044-Trbl psycho-somatique ou aliment.,5044,Trbl psycho,01 - Ain,1,Ain,119,86,100,72,78
01 - Ain_6045_Ensemble,Départements,Ensemble,06045-Mal.inflam.système nerveux central,6045,Mal.inflam.système nerveux central,01 - Ain,1,Ain,96,110,98,89,105
01 - Ain_6046_Ensemble,Départements,Ensemble,06046-Maladie de Parkinson,6046,Maladie de Parkinson,01 - Ain,1,Ain,73,80,94,94,75
01 - Ain_6047_Ensemble,Départements,Ensemble,06047-Sclérose en plaques,6047,Sclérose en plaques,01 - Ain,1,Ain,117,91,69,91,84
01 - Ain_6048_Ensemble,Départements,Ensemble,06048-Epilepsie,6048,Epilepsie,01 - Ain,1,Ain,570,637,577,569,589
01 - Ain_6049_Ensemble,Départements,Ensemble,06049-Ischémie cérébrale transitoire,6049,Ischémie cérébrale transitoire,01 - Ain,1,Ain,332,367,307,305,299
01 - Ain_6050_Ensemble,Départements,Ensemble,06050-Troubles du sommeil,6050,Troubles du sommeil,01 - Ain,1,Ain,23,50,27,28,44
01 - Ain_6051_Ensemble,Départements,Ensemble,06051-Mal. système nerveux périphérique,6051,Mal. système nerveux périphérique,01 - Ain,1,Ain,1950,2076,1697,2231,2117
01 - Ain_6052_Ensemble,Départements,Ensemble,06052-Paralysie cérébrale_autr.syndr.paral,6052,Paralysie cérébrale_autr.syndr.paral,01 - Ain,1,Ain,138,130,187,225,209
01 - Ain_7053_Ensemble,Départements,Ensemble,07053-Cataracte,7053,Cataracte,01 - Ain,1,Ain,7404,7790,5691,8281,8483
01 - Ain_7054_Ensemble,Départements,Ensemble,07054-Décollement_déchirure de la rétine,7054,Décollement_déchirure de la rétine,01 - Ain,1,Ain,159,178,196,208,211
01 - Ain_7055_Ensemble,Départements,Ensemble,07055-Glaucome,7055,Glaucome,01 - Ain,1,Ain,114,143,97,155,151
01 - Ain_7056_Ensemble,Départements,Ensemble,07056-Strabisme_autr.anom.mouve.binocul.,7056,Strabisme_autr.anom.mouve.binocul.,01 - Ain,1,Ain,144,121,100,154,109
01 - Ain_8057_Ensemble,Départements,Ensemble,08057-Otite moyenne et mastoïdite,8057,Otite moyenne et mastoïdite,01 - Ain,1,Ain,560,550,326,335,396
01 - Ain_8058_Ensemble,Départements,Ensemble,08058-Surdité,8058,Surdité,01 - Ain,1,Ain,47,55,59,56,47
01 - Ain_9059_Ensemble,Départements,Ensemble,09059-Maladies hypertensives,9059,Maladies hypertensives,01 - Ain,1,Ain,233,244,236,291,258
01 - Ain_9060_Ensemble,Départements,Ensemble,09060-Angine de poitrine,9060,Angine de poitrine,01 - Ain,1,Ain,648,701,647,710,674
01 - Ain_9061_Ensemble,Départements,Ensemble,09061-Infarctus aigu du myocarde,9061,Infarctus aigu du myocarde,01 - Ain,1,Ain,971,1009,993,1016,1009
01 - Ain_9062_Ensemble,Départements,Ensemble,09062-Autres cardiopat.ischémiques aiguës,9062,Autres cardiopat.ischémiques aiguës,01 - Ain,1,Ain,30,37,20,40,77
01 - Ain_9063_Ensemble,Départements,Ensemble,09063-Cardiopathies ischémiques chroniques,9063,Cardiopathies ischémiques chroniques,01 - Ain,1,Ain,1446,1506,1277,1490,1729
01 - Ain_9064_Ensemble,Départements,Ensemble,09064-Embolie pulmonaire,9064,Embolie pulmonaire,01 - Ain,1,Ain,447,401,463,501,520
01 - Ain_9065_Ensemble,Départements,Ensemble,09065-Valvulopathie card.non rhumatismale,9065,Valvulopathie card.non rhumatismale,01 - Ain,1,Ain,534,551,443,498,513
01 - Ain_9066_Ensemble,Départements,Ensemble,09066-Trbls conduction et rythme cardiaque,9066,Trbls conduction et rythme cardiaque,01 - Ain,1,Ain,2159,2477,2174,2363,2431
01 - Ain_9067_Ensemble,Départements,Ensemble,09067-Insuffisance cardiaque,9067,Insuffisance cardiaque,01 - Ain,1,Ain,2002,2015,1817,1928,1812
01 - Ain_9068_Ensemble,Départements,Ensemble,09068-Hémor.méningée_céréb._intracrânien.,9068,Hémor.méningée_céréb._intracrânien.,01 - Ain,1,Ain,299,319,288,244,358
01 - Ain_9069_Ensemble,Départements,Ensemble,09069-Thromboses des artères céréb.  et précéréb*,9069,Thromboses des artères céréb.  et précéréb*,01 - Ain,1,Ain,166,171,167,195,189
01 - Ain_9070_Ensemble,Départements,Ensemble,09070-Accident vascul. cérébral mal défini,9070,Accident vascul. cérébral mal défini,01 - Ain,1,Ain,38,59,46,52,60
01 - Ain_9071_Ensemble,Départements,Ensemble,09071-Artériosclérose périphérique,9071,Artériosclérose périphérique,01 - Ain,1,Ain,499,453,432,467,441
01 - Ain_9072_Ensemble,Départements,Ensemble,09072-Phlébite et thrombophlébite,9072,Phlébite et thrombophlébite,01 - Ain,1,Ain,210,221,219,204,235
01 - Ain_9073_Ensemble,Départements,Ensemble,09073-Varices des membres inférieurs,9073,Varices des membres inférieurs,01 - Ain,1,Ain,1061,1164,705,939,1066
01 - Ain_9160_Ensemble,Départements,Ensemble,09160-Infarctus cérébral (à partir de 2015),9160,Infarctus cérébral (à partir de 2015),01 - Ain,1,Ain,863,901,893,910,958
02 - Aisne_1001_Ensemble,Départements,Ensemble,01001-Maladies intestinales infectieuses,1001,Maladies intestinales infectieuses,02 - Aisne,2,Aisne,934,1178,634,876,1202
02 - Aisne_1002_Ensemble,Départements,Ensemble,01002-Tuberculose,1002,Tuberculose,02 - Aisne,2,Aisne,37,29,23,30,19
02 - Aisne_1003_Ensemble,Départements,Ensemble,01003-Septicémies,1003,Septicémies,02 - Aisne,2,Aisne,366,289,289,321,258
02 - Aisne_1004_Ensemble,Départements,Ensemble,01004-Mal.sexuellement transmissibles,1004,Mal.sexuellement transmissibles,02 - Aisne,2,Aisne,115,93,64,82,61
02 - Aisne_1005_Ensemble,Départements,Ensemble,01005-Hépatites virales,1005,Hépatites virales,02 - Aisne,2,Aisne,31,25,21,15,30
02 - Aisne_1006_Ensemble,Départements,Ensemble,01006-Maladies dues au V.I.H.,1006,Maladies dues au V.I.H.,02 - Aisne,2,Aisne,9,6,3,9,7
02 - Aisne_10075_Ensemble,Départements,Ensemble,10075-Affections aiguës voies respir. sup.,10075,Affections aiguës voies respir. sup.,02 - Aisne,2,Aisne,302,424,238,291,365
02 - Aisne_10076_Ensemble,Départements,Ensemble,10076-Pneumonie,10076,Pneumonie,02 - Aisne,2,Aisne,2290,2336,1755,1333,1724
02 - Aisne_10077_Ensemble,Départements,Ensemble,10077-Bronchite et bronchiolite aiguës,10077,Bronchite et bronchiolite aiguës,02 - Aisne,2,Aisne,1062,957,645,787,833
02 - Aisne_10078_Ensemble,Départements,Ensemble,10078-Mal.chron.amygdales_végé.adénoïdes,10078,Mal.chron.amygdales_végé.adénoïdes,02 - Aisne,2,Aisne,814,834,472,404,590
02 - Aisne_10079_Ensemble,Départements,Ensemble,10079-Asthme,10079,Asthme,02 - Aisne,2,Aisne,389,337,275,351,341
02 - Aisne_10080_Ensemble,Départements,Ensemble,10080-Bronchite chron._mal.pulm.obst.chron,10080,Bronchite chron._mal.pulm.obst.chron,02 - Aisne,2,Aisne,1460,1383,1061,781,1003
02 - Aisne_10081_Ensemble,Départements,Ensemble,10081-Pleurésie,10081,Pleurésie,02 - Aisne,2,Aisne,362,352,384,361,328
02 - Aisne_11074_Ensemble,Départements,Ensemble,11074-Hémorroïdes (à partir de 2015),11074,Hémorroïdes (à partir de 2015),02 - Aisne,2,Aisne,441,463,426,511,608
02 - Aisne_11082_Ensemble,Départements,Ensemble,11082-Maladies des dents et du parodonte,11082,Maladies des dents et du parodonte,02 - Aisne,2,Aisne,3945,4220,3084,4138,4114
02 - Aisne_11083_Ensemble,Départements,Ensemble,11083-Maladies de l'oesophage,11083,Maladies de l'oesophage,02 - Aisne,2,Aisne,1268,1348,1352,1491,1610
02 - Aisne_11084_Ensemble,Départements,Ensemble,11084-Ulcères de l'estomac et du duodénum,11084,Ulcères de l'estomac et du duodénum,02 - Aisne,2,Aisne,240,235,225,203,203
02 - Aisne_11085_Ensemble,Départements,Ensemble,11085-Appendicite,11085,Appendicite,02 - Aisne,2,Aisne,626,565,525,517,540
02 - Aisne_11086_Ensemble,Départements,Ensemble,11086-Hernie abdominale,11086,Hernie abdominale,02 - Aisne,2,Aisne,2268,2299,1964,2106,2226
02 - Aisne_11087_Ensemble,Départements,Ensemble,11087-Occlusion sans mention de hernie,11087,Occlusion sans mention de hernie,02 - Aisne,2,Aisne,700,696,659,694,744
02 - Aisne_11088_Ensemble,Départements,Ensemble,11088-Diverticulose intestinale,11088,Diverticulose intestinale,02 - Aisne,2,Aisne,1821,1955,1631,1907,1818
02 - Aisne_11089_Ensemble,Départements,Ensemble,11089-Fistule_abcès rég. anale et rectale,11089,Fistule_abcès rég. anale et rectale,02 - Aisne,2,Aisne,341,335,275,285,302
02 - Aisne_11090_Ensemble,Départements,Ensemble,11090-Cirrhose et maladies chron.du foie,11090,Cirrhose et maladies chron.du foie,02 - Aisne,2,Aisne,265,344,313,287,262
02 - Aisne_11091_Ensemble,Départements,Ensemble,11091-Lithiase biliaire,11091,Lithiase biliaire,02 - Aisne,2,Aisne,1522,1504,1294,1433,1410
02 - Aisne_11092_Ensemble,Départements,Ensemble,11092-Hémorragie dig.sans mention ulcère,11092,Hémorragie dig.sans mention ulcère,02 - Aisne,2,Aisne,273,248,218,199,232
02 - Aisne_12093_Ensemble,Départements,Ensemble,12093-Infections peau_tissu cell.ss-cutané,12093,Infections peau_tissu cell.ss,02 - Aisne,2,Aisne,1079,1029,858,804,953
02 - Aisne_13094_Ensemble,Départements,Ensemble,13094-Arthrite rhumatoïde sauf colonne,13094,Arthrite rhumatoïde sauf colonne,02 - Aisne,2,Aisne,78,64,64,52,57
02 - Aisne_13095_Ensemble,Départements,Ensemble,13095-Autres arthropathies,13095,Autres arthropathies,02 - Aisne,2,Aisne,464,492,391,343,437
02 - Aisne_13096_Ensemble,Départements,Ensemble,13096-Arthroses sauf de la colonne,13096,Arthroses sauf de la colonne,02 - Aisne,2,Aisne,2616,2557,2018,2344,2617
02 - Aisne_13097_Ensemble,Départements,Ensemble,13097-Autres lésions articulaires,13097,Autres lésions articulaires,02 - Aisne,2,Aisne,1777,1649,1277,1388,1438
02 - Aisne_13098_Ensemble,Départements,Ensemble,13098-Spondylopathies,13098,Spondylopathies,02 - Aisne,2,Aisne,564,591,527,656,711
02 - Aisne_13099_Ensemble,Départements,Ensemble,13099-Hernie discale,13099,Hernie discale,02 - Aisne,2,Aisne,370,397,248,364,329
02 - Aisne_13100_Ensemble,Départements,Ensemble,13100-Autres affections origine vertébrale,13100,Autres affections origine vertébrale,02 - Aisne,2,Aisne,703,666,500,536,623
02 - Aisne_13101_Ensemble,Départements,Ensemble,13101-Affections des tissus mous,13101,Affections des tissus mous,02 - Aisne,2,Aisne,2992,2795,2125,2478,2579
02 - Aisne_13102_Ensemble,Départements,Ensemble,13102-Ostéopathies et chondropathies,13102,Ostéopathies et chondropathies,02 - Aisne,2,Aisne,621,587,489,520,463
02 - Aisne_13103_Ensemble,Départements,Ensemble,13103-Déformations acquises_autres affec.,13103,Déformations acquises_autres affec.,02 - Aisne,2,Aisne,1004,1039,707,679,748
02 - Aisne_14104_Ensemble,Départements,Ensemble,14104-Néphrite_syndr.néphrotique_néphrose,14104,Néphrite_syndr.néphrotique_néphrose,02 - Aisne,2,Aisne,138,146,133,74,88
02 - Aisne_14105_Ensemble,Départements,Ensemble,14105-Infection rein et voies urinaires,14105,Infection rein et voies urinaires,02 - Aisne,2,Aisne,1346,1401,1198,1208,1197
02 - Aisne_14106_Ensemble,Départements,Ensemble,14106-Insuffisance rénale,14106,Insuffisance rénale,02 - Aisne,2,Aisne,650,758,730,697,773
02 - Aisne_14107_Ensemble,Départements,Ensemble,14107-Calculs des voies urinaires,14107,Calculs des voies urinaires,02 - Aisne,2,Aisne,1577,1594,1522,1723,1823
02 - Aisne_14108_Ensemble,Départements,Ensemble,14108-Cystite,14108,Cystite,02 - Aisne,2,Aisne,322,349,288,255,293
02 - Aisne_14109_Ensemble,Départements,Ensemble,14109-Stérilité,14109,Stérilité,02 - Aisne,2,Aisne,64,50,32,47,44
02 - Aisne_14110_Ensemble,Départements,Ensemble,14110-Hyperplasie de la prostate,14110,Hyperplasie de la prostate,02 - Aisne,2,Aisne,372,337,318,365,425
02 - Aisne_14111_Ensemble,Départements,Ensemble,14111-Hydrocèle et spermatocèle,14111,Hydrocèle et spermatocèle,02 - Aisne,2,Aisne,111,120,95,95,100
02 - Aisne_14112_Ensemble,Départements,Ensemble,14112-Phimosis,14112,Phimosis,02 - Aisne,2,Aisne,499,500,419,574,555
02 - Aisne_14113_Ensemble,Départements,Ensemble,14113-Affections du sein,14113,Affections du sein,02 - Aisne,2,Aisne,245,237,214,202,257
02 - Aisne_14114_Ensemble,Départements,Ensemble,14114-Affect.inflam.org.génitaux féminins,14114,Affect.inflam.org.génitaux féminins,02 - Aisne,2,Aisne,208,187,144,149,148
02 - Aisne_14115_Ensemble,Départements,Ensemble,14115-Prolapsus génital,14115,Prolapsus génital,02 - Aisne,2,Aisne,455,455,265,265,367
02 - Aisne_14116_Ensemble,Départements,Ensemble,14116-Hémor.génitales_trbls menstruation,14116,Hémor.génitales_trbls menstruation,02 - Aisne,2,Aisne,219,177,118,142,124
02 - Aisne_15117_Ensemble,Départements,Ensemble,15117-Avortement toutes causes,15117,Avortement toutes causes,02 - Aisne,2,Aisne,2001,2121,1960,1974,1899
02 - Aisne_15118_Ensemble,Départements,Ensemble,15118-Accouchement unique et spontané,15118,Accouchement unique et spontané,02 - Aisne,2,Aisne,3164,3164,3045,3116,2968
02 - Aisne_15119_Ensemble,Départements,Ensemble,15119-Grossesse ou accouchement compliqués,15119,Grossesse ou accouchement compliqués,02 - Aisne,2,Aisne,3786,3756,3360,3239,3580
02 - Aisne_16120_Ensemble,Départements,Ensemble,16120-Prématurité et hypotrophie,16120,Prématurité et hypotrophie,02 - Aisne,2,Aisne,385,391,313,299,349
02 - Aisne_17121_Ensemble,Départements,Ensemble,17121-Malform.congén.cardio-vasculaires,17121,Malform.congén.cardio,02 - Aisne,2,Aisne,123,107,73,84,93
02 - Aisne_17122_Ensemble,Départements,Ensemble,17122-Malform.congén.appareil digestif,17122,Malform.congén.appareil digestif,02 - Aisne,2,Aisne,132,120,107,157,131
02 - Aisne_17123_Ensemble,Départements,Ensemble,17123-Malform.congén.organes génitaux,17123,Malform.congén.organes génitaux,02 - Aisne,2,Aisne,185,181,126,141,156
02 - Aisne_17124_Ensemble,Départements,Ensemble,17124-Malform.congén.appareil urinaire,17124,Malform.congén.appareil urinaire,02 - Aisne,2,Aisne,30,24,23,24,31
02 - Aisne_17125_Ensemble,Départements,Ensemble,17125-Malform.congén.ostéo-musculaires,17125,Malform.congén.ostéo,02 - Aisne,2,Aisne,95,82,48,92,100
02 - Aisne_18126_Ensemble,Départements,Ensemble,18126-Sympt.circulatoires et respiratoires,18126,Sympt.circulatoires et respiratoires,02 - Aisne,2,Aisne,2345,2548,3064,2714,2710
02 - Aisne_18127_Ensemble,Départements,Ensemble,18127-Sympt.appareil digestif et abdomen,18127,Sympt.appareil digestif et abdomen,02 - Aisne,2,Aisne,2971,3074,2485,2851,2857
02 - Aisne_18128_Ensemble,Départements,Ensemble,18128-Sympt.syst.nerveux et ostéo-muscul.,18128,Sympt.syst.nerveux et ostéo,02 - Aisne,2,Aisne,478,426,372,378,366
02 - Aisne_18129_Ensemble,Départements,Ensemble,18129-Symptômes appareil urinaire,18129,Symptômes appareil urinaire,02 - Aisne,2,Aisne,470,487,457,569,569
02 - Aisne_18130_Ensemble,Départements,Ensemble,18130-Symptômes  et signes généraux,18130,Symptômes  et signes généraux,02 - Aisne,2,Aisne,4266,4195,3670,4030,4171
02 - Aisne_18131_Ensemble,Départements,Ensemble,18131-Résult.anormaux examens sans sympt.,18131,Résult.anormaux examens sans sympt.,02 - Aisne,2,Aisne,909,925,736,737,823
02 - Aisne_19132_Ensemble,Départements,Ensemble,19132-Fracture crâne et os de la face,19132,Fracture crâne et os de la face,02 - Aisne,2,Aisne,162,186,119,191,199
02 - Aisne_19133_Ensemble,Départements,Ensemble,19133-Fracture colonne et os du tronc,19133,Fracture colonne et os du tronc,02 - Aisne,2,Aisne,521,497,477,459,516
02 - Aisne_19134_Ensemble,Départements,Ensemble,19134-Fracture du membre supérieur,19134,Fracture du membre supérieur,02 - Aisne,2,Aisne,1381,1374,1297,1289,1378
02 - Aisne_19135_Ensemble,Départements,Ensemble,19135-Fracture du col du fémur,19135,Fracture du col du fémur,02 - Aisne,2,Aisne,746,734,740,696,766
02 - Aisne_19136_Ensemble,Départements,Ensemble,19136-Autre fracture du membre inférieur,19136,Autre fracture du membre inférieur,02 - Aisne,2,Aisne,726,705,570,644,710
02 - Aisne_19137_Ensemble,Départements,Ensemble,19137-Luxations et entorses,19137,Luxations et entorses,02 - Aisne,2,Aisne,761,867,736,821,856
02 - Aisne_19138_Ensemble,Départements,Ensemble,19138-Traumatisme crânien,19138,Traumatisme crânien,02 - Aisne,2,Aisne,705,739,727,724,667
02 - Aisne_19139_Ensemble,Départements,Ensemble,19139-Trauma.intrathorac._intra-abdominal,19139,Trauma.intrathorac._intra,02 - Aisne,2,Aisne,195,177,186,169,227
02 - Aisne_19140_Ensemble,Départements,Ensemble,19140-Traumatisme des nerfs,19140,Traumatisme des nerfs,02 - Aisne,2,Aisne,121,98,96,97,105
02 - Aisne_19141_Ensemble,Départements,Ensemble,19141-Plaie tête (inclu globe oculaire),19141,Plaie tête (inclu globe oculaire),02 - Aisne,2,Aisne,192,233,263,266,302
02 - Aisne_19142_Ensemble,Départements,Ensemble,19142-Plaie du membre supérieur,19142,Plaie du membre supérieur,02 - Aisne,2,Aisne,274,302,322,324,316
02 - Aisne_19143_Ensemble,Départements,Ensemble,19143-Plaie du membre inférieur,19143,Plaie du membre inférieur,02 - Aisne,2,Aisne,84,65,66,62,71
02 - Aisne_19144_Ensemble,Départements,Ensemble,19144-Corps étranger par orifice naturel,19144,Corps étranger par orifice naturel,02 - Aisne,2,Aisne,85,113,103,81,71
02 - Aisne_19145_Ensemble,Départements,Ensemble,19145-Brûlure et corrosion,19145,Brûlure et corrosion,02 - Aisne,2,Aisne,120,133,140,107,165
02 - Aisne_19146_Ensemble,Départements,Ensemble,19146-Intoxication produit pharmaceutique,19146,Intoxication produit pharmaceutique,02 - Aisne,2,Aisne,908,975,894,922,939
02 - Aisne_19147_Ensemble,Départements,Ensemble,19147-Intoxication prod.non pharmaceutique,19147,Intoxication prod.non pharmaceutique,02 - Aisne,2,Aisne,83,122,151,88,159
02 - Aisne_19148_Ensemble,Départements,Ensemble,19148-Effet nocif de cause extérieure,19148,Effet nocif de cause extérieure,02 - Aisne,2,Aisne,148,145,113,128,182
02 - Aisne_19149_Ensemble,Départements,Ensemble,19149-Complic.acte chir.ou soin méd.n.c.a.,19149,Complic.acte chir.ou soin méd.n.c.a.,02 - Aisne,2,Aisne,948,1025,885,792,856
02 - Aisne_2007_Ensemble,Départements,Ensemble,02007-Tumeurs malignes,2007,Tumeurs malignes,02 - Aisne,2,Aisne,6072,6153,5775,5901,5989
02 - Aisne_2008_Ensemble,Départements,Ensemble,02008-T.M. lèvre _bouche_pharynx,2008,T.M. lèvre _bouche_pharynx,02 - Aisne,2,Aisne,230,248,165,189,225
02 - Aisne_2009_Ensemble,Départements,Ensemble,02009-Tumeur maligne de l'oesophage,2009,Tumeur maligne de l'oesophage,02 - Aisne,2,Aisne,106,80,68,80,91
02 - Aisne_2010_Ensemble,Départements,Ensemble,02010-Tumeur maligne de l'estomac,2010,Tumeur maligne de l'estomac,02 - Aisne,2,Aisne,92,104,111,113,96
02 - Aisne_2011_Ensemble,Départements,Ensemble,02011-Tumeurs malignes colo-rectales,2011,Tumeurs malignes colo,02 - Aisne,2,Aisne,701,585,572,613,621
02 - Aisne_2012_Ensemble,Départements,Ensemble,02012-T.M.foie et voies biliaires intrahép,2012,T.M.foie et voies biliaires intrahép,02 - Aisne,2,Aisne,158,161,172,162,147
02 - Aisne_2013_Ensemble,Départements,Ensemble,02013-Tumeur maligne du pancréas,2013,Tumeur maligne du pancréas,02 - Aisne,2,Aisne,142,206,200,191,189
02 - Aisne_2014_Ensemble,Départements,Ensemble,02014-Tumeur maligne du larynx,2014,Tumeur maligne du larynx,02 - Aisne,2,Aisne,74,45,49,40,37
02 - Aisne_2015_Ensemble,Départements,Ensemble,02015-T.M. trachée_bronches_poumon,2015,T.M. trachée_bronches_poumon,02 - Aisne,2,Aisne,493,557,497,491,493
02 - Aisne_2016_Ensemble,Départements,Ensemble,02016-Mélanome malin de la peau,2016,Mélanome malin de la peau,02 - Aisne,2,Aisne,93,71,59,76,108
02 - Aisne_2017_Ensemble,Départements,Ensemble,02017-Tumeur maligne du sein,2017,Tumeur maligne du sein,02 - Aisne,2,Aisne,681,684,685,635,625
02 - Aisne_2018_Ensemble,Départements,Ensemble,02018-Tumeur maligne de l'utérus,2018,Tumeur maligne de l'utérus,02 - Aisne,2,Aisne,159,119,119,147,119
02 - Aisne_2019_Ensemble,Départements,Ensemble,02019-Tumeur maligne de la prostate,2019,Tumeur maligne de la prostate,02 - Aisne,2,Aisne,527,475,381,441,468
02 - Aisne_2020_Ensemble,Départements,Ensemble,02020-Tumeur maligne de la vessie,2020,Tumeur maligne de la vessie,02 - Aisne,2,Aisne,385,434,410,460,458
02 - Aisne_2021_Ensemble,Départements,Ensemble,02021-T.M. système nerveux central,2021,T.M. système nerveux central,02 - Aisne,2,Aisne,90,77,76,60,61
02 - Aisne_2022_Ensemble,Départements,Ensemble,02022-Tumeur maligne de la thyroïde,2022,Tumeur maligne de la thyroïde,02 - Aisne,2,Aisne,74,74,59,64,67
02 - Aisne_2023_Ensemble,Départements,Ensemble,02023-Leucémies,2023,Leucémies,02 - Aisne,2,Aisne,89,102,111,98,100
02 - Aisne_2024_Ensemble,Départements,Ensemble,02024-Tumeurs malignes secondaires,2024,Tumeurs malignes secondaires,02 - Aisne,2,Aisne,656,670,638,630,586
02 - Aisne_2025_Ensemble,Départements,Ensemble,02025-Tumeurs bénignes,2025,Tumeurs bénignes,02 - Aisne,2,Aisne,4276,4199,3583,4114,4383
02 - Aisne_2026_Ensemble,Départements,Ensemble,02026-T.B. côlon_rectum_anus et canal anal,2026,T.B. côlon_rectum_anus et canal anal,02 - Aisne,2,Aisne,2237,2375,2078,2261,2477
02 - Aisne_2027_Ensemble,Départements,Ensemble,02027-Tumeurs bénignes de la peau,2027,Tumeurs bénignes de la peau,02 - Aisne,2,Aisne,194,140,119,209,237
02 - Aisne_2028_Ensemble,Départements,Ensemble,02028-Tumeur bénigne du sein,2028,Tumeur bénigne du sein,02 - Aisne,2,Aisne,66,57,47,69,44
02 - Aisne_2029_Ensemble,Départements,Ensemble,02029-Tumeur bénigne de l'utérus,2029,Tumeur bénigne de l'utérus,02 - Aisne,2,Aisne,341,339,268,305,309
02 - Aisne_2030_Ensemble,Départements,Ensemble,02030-Tumeur bénigne de l'ovaire,2030,Tumeur bénigne de l'ovaire,02 - Aisne,2,Aisne,98,85,82,115,111
02 - Aisne_2031_Ensemble,Départements,Ensemble,02031-Carcinomes in situ,2031,Carcinomes in situ,02 - Aisne,2,Aisne,183,210,204,237,275
02 - Aisne_2032_Ensemble,Départements,Ensemble,02032-Tum. évol. imprévisible ou inconnue,2032,Tum. évol. imprévisible ou inconnue,02 - Aisne,2,Aisne,761,534,536,615,618
02 - Aisne_21151_Ensemble,Départements,Ensemble,21151-Examen_investig.sans résult.anormaux,21151,Examen_investig.sans résult.anormaux,02 - Aisne,2,Aisne,5622,6320,4644,6164,7311
02 - Aisne_21152_Ensemble,Départements,Ensemble,21152-Surveil.grossesse_nouveau-né normal,21152,Surveil.grossesse_nouveau,02 - Aisne,2,Aisne,1172,1120,886,1189,1267
02 - Aisne_21153_Ensemble,Départements,Ensemble,21153-Thérapie sans raison médicale,21153,Thérapie sans raison médicale,02 - Aisne,2,Aisne,228,241,242,289,264
02 - Aisne_21154_Ensemble,Départements,Ensemble,21154-Dialyse,21154,Dialyse,02 - Aisne,2,Aisne,176,206,179,197,195
02 - Aisne_21155_Ensemble,Départements,Ensemble,21155-Radiothérapie,21155,Radiothérapie,02 - Aisne,2,Aisne,158,223,162,206,164
02 - Aisne_21156_Ensemble,Départements,Ensemble,21156-Chimiothérapie pour tumeur,21156,Chimiothérapie pour tumeur,02 - Aisne,2,Aisne,971,894,960,788,664
02 - Aisne_21157_Ensemble,Départements,Ensemble,21157-Surveil.post traitement med.ou chir.,21157,Surveil.post traitement med.ou chir.,02 - Aisne,2,Aisne,8227,8234,6700,7176,7534
02 - Aisne_21158_Ensemble,Départements,Ensemble,21158-Recours raison économique ou sociale,21158,Recours raison économique ou sociale,02 - Aisne,2,Aisne,482,459,414,425,409
02 - Aisne_22000_Ensemble,Départements,Ensemble,22000-Infection à la Covid-19,22000,Infection à la Covid,02 - Aisne,2,Aisne,,,2811,3312,2386
02 - Aisne_3033_Ensemble,Départements,Ensemble,03033-Anémies,3033,Anémies,02 - Aisne,2,Aisne,1667,1725,1554,1660,1743
02 - Aisne_4034_Ensemble,Départements,Ensemble,04034-Affections de la glande thyroïde,4034,Affections de la glande thyroïde,02 - Aisne,2,Aisne,486,439,415,591,550
02 - Aisne_4035_Ensemble,Départements,Ensemble,04035-Diabète sucré,4035,Diabète sucré,02 - Aisne,2,Aisne,1028,983,807,948,979
02 - Aisne_4036_Ensemble,Départements,Ensemble,04036-Obésité et autre excès d'apport,4036,Obésité et autre excès d'apport,02 - Aisne,2,Aisne,740,597,357,462,537
02 - Aisne_4037_Ensemble,Départements,Ensemble,04037-Anomalies du métabolisme,4037,Anomalies du métabolisme,02 - Aisne,2,Aisne,993,954,750,747,1019
02 - Aisne_5038_Ensemble,Départements,Ensemble,05038-Démences,5038,Démences,02 - Aisne,2,Aisne,404,407,326,348,364
02 - Aisne_5039_Ensemble,Départements,Ensemble,05039-Intoxication aiguë due à l'alcool,5039,Intoxication aiguë due à l'alcool,02 - Aisne,2,Aisne,732,687,609,670,623
02 - Aisne_5040_Ensemble,Départements,Ensemble,05040-Alcool.chron._ trbl mental dû alcool,5040,Alcool.chron._ trbl mental dû alcool,02 - Aisne,2,Aisne,598,778,315,315,283
02 - Aisne_5041_Ensemble,Départements,Ensemble,05041-Schizophrénie_aut.trbl délir.non org,5041,Schizophrénie_aut.trbl délir.non org,02 - Aisne,2,Aisne,106,126,112,124,130
02 - Aisne_5042_Ensemble,Départements,Ensemble,05042-Dépression_autre trouble de l'humeur,5042,Dépression_autre trouble de l'humeur,02 - Aisne,2,Aisne,582,562,494,514,493
02 - Aisne_5043_Ensemble,Départements,Ensemble,05043-Trbl névrotique_ person._comport.,5043,Trbl névrotique_ person._comport.,02 - Aisne,2,Aisne,525,517,446,470,472
02 - Aisne_5044_Ensemble,Départements,Ensemble,05044-Trbl psycho-somatique ou aliment.,5044,Trbl psycho,02 - Aisne,2,Aisne,88,54,46,50,65
02 - Aisne_6045_Ensemble,Départements,Ensemble,06045-Mal.inflam.système nerveux central,6045,Mal.inflam.système nerveux central,02 - Aisne,2,Aisne,64,71,59,45,58
02 - Aisne_6046_Ensemble,Départements,Ensemble,06046-Maladie de Parkinson,6046,Maladie de Parkinson,02 - Aisne,2,Aisne,48,66,39,43,58
02 - Aisne_6047_Ensemble,Départements,Ensemble,06047-Sclérose en plaques,6047,Sclérose en plaques,02 - Aisne,2,Aisne,48,87,88,75,63
02 - Aisne_6048_Ensemble,Départements,Ensemble,06048-Epilepsie,6048,Epilepsie,02 - Aisne,2,Aisne,780,774,678,656,689
02 - Aisne_6049_Ensemble,Départements,Ensemble,06049-Ischémie cérébrale transitoire,6049,Ischémie cérébrale transitoire,02 - Aisne,2,Aisne,336,277,233,256,293
02 - Aisne_6050_Ensemble,Départements,Ensemble,06050-Troubles du sommeil,6050,Troubles du sommeil,02 - Aisne,2,Aisne,49,48,21,24,27
02 - Aisne_6051_Ensemble,Départements,Ensemble,06051-Mal. système nerveux périphérique,6051,Mal. système nerveux périphérique,02 - Aisne,2,Aisne,2143,2148,2131,2316,2214
02 - Aisne_6052_Ensemble,Départements,Ensemble,06052-Paralysie cérébrale_autr.syndr.paral,6052,Paralysie cérébrale_autr.syndr.paral,02 - Aisne,2,Aisne,109,107,142,229,204
02 - Aisne_7053_Ensemble,Départements,Ensemble,07053-Cataracte,7053,Cataracte,02 - Aisne,2,Aisne,6146,6520,5357,6713,6989
02 - Aisne_7054_Ensemble,Départements,Ensemble,07054-Décollement_déchirure de la rétine,7054,Décollement_déchirure de la rétine,02 - Aisne,2,Aisne,190,211,178,178,205
02 - Aisne_7055_Ensemble,Départements,Ensemble,07055-Glaucome,7055,Glaucome,02 - Aisne,2,Aisne,96,103,73,66,102
02 - Aisne_7056_Ensemble,Départements,Ensemble,07056-Strabisme_autr.anom.mouve.binocul.,7056,Strabisme_autr.anom.mouve.binocul.,02 - Aisne,2,Aisne,75,81,74,74,85
02 - Aisne_8057_Ensemble,Départements,Ensemble,08057-Otite moyenne et mastoïdite,8057,Otite moyenne et mastoïdite,02 - Aisne,2,Aisne,420,332,198,169,278
02 - Aisne_8058_Ensemble,Départements,Ensemble,08058-Surdité,8058,Surdité,02 - Aisne,2,Aisne,46,51,43,33,35
02 - Aisne_9059_Ensemble,Départements,Ensemble,09059-Maladies hypertensives,9059,Maladies hypertensives,02 - Aisne,2,Aisne,554,583,503,448,436
02 - Aisne_9060_Ensemble,Départements,Ensemble,09060-Angine de poitrine,9060,Angine de poitrine,02 - Aisne,2,Aisne,659,513,586,462,436
02 - Aisne_9061_Ensemble,Départements,Ensemble,09061-Infarctus aigu du myocarde,9061,Infarctus aigu du myocarde,02 - Aisne,2,Aisne,1113,1068,970,1035,1054
02 - Aisne_9062_Ensemble,Départements,Ensemble,09062-Autres cardiopat.ischémiques aiguës,9062,Autres cardiopat.ischémiques aiguës,02 - Aisne,2,Aisne,97,119,70,86,50
02 - Aisne_9063_Ensemble,Départements,Ensemble,09063-Cardiopathies ischémiques chroniques,9063,Cardiopathies ischémiques chroniques,02 - Aisne,2,Aisne,1663,2074,1592,1557,1761
02 - Aisne_9064_Ensemble,Départements,Ensemble,09064-Embolie pulmonaire,9064,Embolie pulmonaire,02 - Aisne,2,Aisne,411,431,390,444,476
02 - Aisne_9065_Ensemble,Départements,Ensemble,09065-Valvulopathie card.non rhumatismale,9065,Valvulopathie card.non rhumatismale,02 - Aisne,2,Aisne,340,382,322,342,317
02 - Aisne_9066_Ensemble,Départements,Ensemble,09066-Trbls conduction et rythme cardiaque,9066,Trbls conduction et rythme cardiaque,02 - Aisne,2,Aisne,2288,2357,1992,2205,2280
02 - Aisne_9067_Ensemble,Départements,Ensemble,09067-Insuffisance cardiaque,9067,Insuffisance cardiaque,02 - Aisne,2,Aisne,2140,2258,1725,1832,1981
02 - Aisne_9068_Ensemble,Départements,Ensemble,09068-Hémor.méningée_céréb._intracrânien.,9068,Hémor.méningée_céréb._intracrânien.,02 - Aisne,2,Aisne,266,288,240,237,293
02 - Aisne_9069_Ensemble,Départements,Ensemble,09069-Thromboses des artères céréb.  et précéréb*,9069,Thromboses des artères céréb.  et précéréb*,02 - Aisne,2,Aisne,217,177,162,182,183
02 - Aisne_9070_Ensemble,Départements,Ensemble,09070-Accident vascul. cérébral mal défini,9070,Accident vascul. cérébral mal défini,02 - Aisne,2,Aisne,44,45,26,44,53
02 - Aisne_9071_Ensemble,Départements,Ensemble,09071-Artériosclérose périphérique,9071,Artériosclérose périphérique,02 - Aisne,2,Aisne,385,410,374,403,542
02 - Aisne_9072_Ensemble,Départements,Ensemble,09072-Phlébite et thrombophlébite,9072,Phlébite et thrombophlébite,02 - Aisne,2,Aisne,297,267,215,227,183
02 - Aisne_9073_Ensemble,Départements,Ensemble,09073-Varices des membres inférieurs,9073,Varices des membres inférieurs,02 - Aisne,2,Aisne,1515,1437,1009,1176,1337
02 - Aisne_9160_Ensemble,Départements,Ensemble,09160-Infarctus cérébral (à partir de 2015),9160,Infarctus cérébral (à partir de 2015),02 - Aisne,2,Aisne,865,868,772,782,755
03 - Allier_1001_Ensemble,Départements,Ensemble,01001-Maladies intestinales infectieuses,1001,Maladies intestinales infectieuses,03 - Allier,3,Allier,927,844,502,642,723
03 - Allier_1002_Ensemble,Départements,Ensemble,01002-Tuberculose,1002,Tuberculose,03 - Allier,3,Allier,29,13,18,12,8
03 - Allier_1003_Ensemble,Départements,Ensemble,01003-Septicémies,1003,Septicémies,03 - Allier,3,Allier,176,184,188,116,105
03 - Allier_1004_Ensemble,Départements,Ensemble,01004-Mal.sexuellement transmissibles,1004,Mal.sexuellement transmissibles,03 - Allier,3,Allier,65,73,49,57,65
03 - Allier_1005_Ensemble,Départements,Ensemble,01005-Hépatites virales,1005,Hépatites virales,03 - Allier,3,Allier,24,16,15,13,11
03 - Allier_1006_Ensemble,Départements,Ensemble,01006-Maladies dues au V.I.H.,1006,Maladies dues au V.I.H.,03 - Allier,3,Allier,5,0,9,4,0
03 - Allier_10075_Ensemble,Départements,Ensemble,10075-Affections aiguës voies respir. sup.,10075,Affections aiguës voies respir. sup.,03 - Allier,3,Allier,272,301,259,197,173
03 - Allier_10076_Ensemble,Départements,Ensemble,10076-Pneumonie,10076,Pneumonie,03 - Allier,3,Allier,1084,1098,822,655,868
03 - Allier_10077_Ensemble,Départements,Ensemble,10077-Bronchite et bronchiolite aiguës,10077,Bronchite et bronchiolite aiguës,03 - Allier,3,Allier,564,544,356,377,398
03 - Allier_10078_Ensemble,Départements,Ensemble,10078-Mal.chron.amygdales_végé.adénoïdes,10078,Mal.chron.amygdales_végé.adénoïdes,03 - Allier,3,Allier,173,212,100,121,149
03 - Allier_10079_Ensemble,Départements,Ensemble,10079-Asthme,10079,Asthme,03 - Allier,3,Allier,287,192,170,214,201
03 - Allier_10080_Ensemble,Départements,Ensemble,10080-Bronchite chron._mal.pulm.obst.chron,10080,Bronchite chron._mal.pulm.obst.chron,03 - Allier,3,Allier,591,598,508,438,450
03 - Allier_10081_Ensemble,Départements,Ensemble,10081-Pleurésie,10081,Pleurésie,03 - Allier,3,Allier,219,214,264,234,241
03 - Allier_11074_Ensemble,Départements,Ensemble,11074-Hémorroïdes (à partir de 2015),11074,Hémorroïdes (à partir de 2015),03 - Allier,3,Allier,353,394,280,412,423
03 - Allier_11082_Ensemble,Départements,Ensemble,11082-Maladies des dents et du parodonte,11082,Maladies des dents et du parodonte,03 - Allier,3,Allier,1872,1965,1446,1776,1678
03 - Allier_11083_Ensemble,Départements,Ensemble,11083-Maladies de l'oesophage,11083,Maladies de l'oesophage,03 - Allier,3,Allier,464,446,377,452,505
03 - Allier_11084_Ensemble,Départements,Ensemble,11084-Ulcères de l'estomac et du duodénum,11084,Ulcères de l'estomac et du duodénum,03 - Allier,3,Allier,149,132,121,152,124
03 - Allier_11085_Ensemble,Départements,Ensemble,11085-Appendicite,11085,Appendicite,03 - Allier,3,Allier,402,369,401,362,328
03 - Allier_11086_Ensemble,Départements,Ensemble,11086-Hernie abdominale,11086,Hernie abdominale,03 - Allier,3,Allier,1550,1563,1127,1478,1556
03 - Allier_11087_Ensemble,Départements,Ensemble,11087-Occlusion sans mention de hernie,11087,Occlusion sans mention de hernie,03 - Allier,3,Allier,452,491,445,456,443
03 - Allier_11088_Ensemble,Départements,Ensemble,11088-Diverticulose intestinale,11088,Diverticulose intestinale,03 - Allier,3,Allier,808,869,685,889,852
03 - Allier_11089_Ensemble,Départements,Ensemble,11089-Fistule_abcès rég. anale et rectale,11089,Fistule_abcès rég. anale et rectale,03 - Allier,3,Allier,217,197,188,210,203
03 - Allier_11090_Ensemble,Départements,Ensemble,11090-Cirrhose et maladies chron.du foie,11090,Cirrhose et maladies chron.du foie,03 - Allier,3,Allier,133,169,147,152,161
03 - Allier_11091_Ensemble,Départements,Ensemble,11091-Lithiase biliaire,11091,Lithiase biliaire,03 - Allier,3,Allier,1050,1030,971,1041,913
03 - Allier_11092_Ensemble,Départements,Ensemble,11092-Hémorragie dig.sans mention ulcère,11092,Hémorragie dig.sans mention ulcère,03 - Allier,3,Allier,127,118,136,130,133
03 - Allier_12093_Ensemble,Départements,Ensemble,12093-Infections peau_tissu cell.ss-cutané,12093,Infections peau_tissu cell.ss,03 - Allier,3,Allier,614,676,542,588,558
03 - Allier_13094_Ensemble,Départements,Ensemble,13094-Arthrite rhumatoïde sauf colonne,13094,Arthrite rhumatoïde sauf colonne,03 - Allier,3,Allier,35,46,26,38,38
03 - Allier_13095_Ensemble,Départements,Ensemble,13095-Autres arthropathies,13095,Autres arthropathies,03 - Allier,3,Allier,336,386,364,419,338
03 - Allier_13096_Ensemble,Départements,Ensemble,13096-Arthroses sauf de la colonne,13096,Arthroses sauf de la colonne,03 - Allier,3,Allier,1953,2068,1472,1923,2059
03 - Allier_13097_Ensemble,Départements,Ensemble,13097-Autres lésions articulaires,13097,Autres lésions articulaires,03 - Allier,3,Allier,998,938,690,821,783
03 - Allier_13098_Ensemble,Départements,Ensemble,13098-Spondylopathies,13098,Spondylopathies,03 - Allier,3,Allier,318,302,289,293,268
03 - Allier_13099_Ensemble,Départements,Ensemble,13099-Hernie discale,13099,Hernie discale,03 - Allier,3,Allier,301,225,226,272,213
03 - Allier_13100_Ensemble,Départements,Ensemble,13100-Autres affections origine vertébrale,13100,Autres affections origine vertébrale,03 - Allier,3,Allier,381,409,382,431,311
03 - Allier_13101_Ensemble,Départements,Ensemble,13101-Affections des tissus mous,13101,Affections des tissus mous,03 - Allier,3,Allier,1433,1449,1237,1521,1405
03 - Allier_13102_Ensemble,Départements,Ensemble,13102-Ostéopathies et chondropathies,13102,Ostéopathies et chondropathies,03 - Allier,3,Allier,376,437,359,391,420
03 - Allier_13103_Ensemble,Départements,Ensemble,13103-Déformations acquises_autres affec.,13103,Déformations acquises_autres affec.,03 - Allier,3,Allier,531,546,323,400,463
03 - Allier_14104_Ensemble,Départements,Ensemble,14104-Néphrite_syndr.néphrotique_néphrose,14104,Néphrite_syndr.néphrotique_néphrose,03 - Allier,3,Allier,71,71,60,68,65
03 - Allier_14105_Ensemble,Départements,Ensemble,14105-Infection rein et voies urinaires,14105,Infection rein et voies urinaires,03 - Allier,3,Allier,715,703,705,698,652
03 - Allier_14106_Ensemble,Départements,Ensemble,14106-Insuffisance rénale,14106,Insuffisance rénale,03 - Allier,3,Allier,298,341,394,406,458
03 - Allier_14107_Ensemble,Départements,Ensemble,14107-Calculs des voies urinaires,14107,Calculs des voies urinaires,03 - Allier,3,Allier,1569,1711,1538,1731,1705
03 - Allier_14108_Ensemble,Départements,Ensemble,14108-Cystite,14108,Cystite,03 - Allier,3,Allier,139,108,82,87,122
03 - Allier_14109_Ensemble,Départements,Ensemble,14109-Stérilité,14109,Stérilité,03 - Allier,3,Allier,31,45,29,32,22
03 - Allier_14110_Ensemble,Départements,Ensemble,14110-Hyperplasie de la prostate,14110,Hyperplasie de la prostate,03 - Allier,3,Allier,506,493,345,354,441
03 - Allier_14111_Ensemble,Départements,Ensemble,14111-Hydrocèle et spermatocèle,14111,Hydrocèle et spermatocèle,03 - Allier,3,Allier,83,59,45,88,66
03 - Allier_14112_Ensemble,Départements,Ensemble,14112-Phimosis,14112,Phimosis,03 - Allier,3,Allier,424,422,317,431,475
03 - Allier_14113_Ensemble,Départements,Ensemble,14113-Affections du sein,14113,Affections du sein,03 - Allier,3,Allier,160,155,125,179,159
03 - Allier_14114_Ensemble,Départements,Ensemble,14114-Affect.inflam.org.génitaux féminins,14114,Affect.inflam.org.génitaux féminins,03 - Allier,3,Allier,121,142,121,125,124
03 - Allier_14115_Ensemble,Départements,Ensemble,14115-Prolapsus génital,14115,Prolapsus génital,03 - Allier,3,Allier,391,349,261,264,267
03 - Allier_14116_Ensemble,Départements,Ensemble,14116-Hémor.génitales_trbls menstruation,14116,Hémor.génitales_trbls menstruation,03 - Allier,3,Allier,121,140,107,104,111
03 - Allier_15117_Ensemble,Départements,Ensemble,15117-Avortement toutes causes,15117,Avortement toutes causes,03 - Allier,3,Allier,937,917,912,898,830
03 - Allier_15118_Ensemble,Départements,Ensemble,15118-Accouchement unique et spontané,15118,Accouchement unique et spontané,03 - Allier,3,Allier,1614,1543,1334,1473,1374
03 - Allier_15119_Ensemble,Départements,Ensemble,15119-Grossesse ou accouchement compliqués,15119,Grossesse ou accouchement compliqués,03 - Allier,3,Allier,1605,1695,1682,1819,1940
03 - Allier_16120_Ensemble,Départements,Ensemble,16120-Prématurité et hypotrophie,16120,Prématurité et hypotrophie,03 - Allier,3,Allier,193,175,158,194,178
03 - Allier_17121_Ensemble,Départements,Ensemble,17121-Malform.congén.cardio-vasculaires,17121,Malform.congén.cardio,03 - Allier,3,Allier,63,56,66,64,78
03 - Allier_17122_Ensemble,Départements,Ensemble,17122-Malform.congén.appareil digestif,17122,Malform.congén.appareil digestif,03 - Allier,3,Allier,37,49,19,43,54
03 - Allier_17123_Ensemble,Départements,Ensemble,17123-Malform.congén.organes génitaux,17123,Malform.congén.organes génitaux,03 - Allier,3,Allier,141,115,68,119,104
03 - Allier_17124_Ensemble,Départements,Ensemble,17124-Malform.congén.appareil urinaire,17124,Malform.congén.appareil urinaire,03 - Allier,3,Allier,19,21,22,27,14
03 - Allier_17125_Ensemble,Départements,Ensemble,17125-Malform.congén.ostéo-musculaires,17125,Malform.congén.ostéo,03 - Allier,3,Allier,43,47,43,55,42
03 - Allier_18126_Ensemble,Départements,Ensemble,18126-Sympt.circulatoires et respiratoires,18126,Sympt.circulatoires et respiratoires,03 - Allier,3,Allier,1914,1872,2093,2109,1779
03 - Allier_18127_Ensemble,Départements,Ensemble,18127-Sympt.appareil digestif et abdomen,18127,Sympt.appareil digestif et abdomen,03 - Allier,3,Allier,2165,2170,1855,2057,2045
03 - Allier_18128_Ensemble,Départements,Ensemble,18128-Sympt.syst.nerveux et ostéo-muscul.,18128,Sympt.syst.nerveux et ostéo,03 - Allier,3,Allier,288,302,257,218,280
03 - Allier_18129_Ensemble,Départements,Ensemble,18129-Symptômes appareil urinaire,18129,Symptômes appareil urinaire,03 - Allier,3,Allier,429,415,391,401,459
03 - Allier_18130_Ensemble,Départements,Ensemble,18130-Symptômes  et signes généraux,18130,Symptômes  et signes généraux,03 - Allier,3,Allier,2241,2402,2364,2677,2474
03 - Allier_18131_Ensemble,Départements,Ensemble,18131-Résult.anormaux examens sans sympt.,18131,Résult.anormaux examens sans sympt.,03 - Allier,3,Allier,298,347,269,309,459
03 - Allier_19132_Ensemble,Départements,Ensemble,19132-Fracture crâne et os de la face,19132,Fracture crâne et os de la face,03 - Allier,3,Allier,158,147,129,137,164
03 - Allier_19133_Ensemble,Départements,Ensemble,19133-Fracture colonne et os du tronc,19133,Fracture colonne et os du tronc,03 - Allier,3,Allier,468,513,528,538,569
03 - Allier_19134_Ensemble,Départements,Ensemble,19134-Fracture du membre supérieur,19134,Fracture du membre supérieur,03 - Allier,3,Allier,931,970,914,1138,949
03 - Allier_19135_Ensemble,Départements,Ensemble,19135-Fracture du col du fémur,19135,Fracture du col du fémur,03 - Allier,3,Allier,688,686,629,625,602
03 - Allier_19136_Ensemble,Départements,Ensemble,19136-Autre fracture du membre inférieur,19136,Autre fracture du membre inférieur,03 - Allier,3,Allier,493,504,525,606,472
03 - Allier_19137_Ensemble,Départements,Ensemble,19137-Luxations et entorses,19137,Luxations et entorses,03 - Allier,3,Allier,673,695,819,1186,649
03 - Allier_19138_Ensemble,Départements,Ensemble,19138-Traumatisme crânien,19138,Traumatisme crânien,03 - Allier,3,Allier,870,978,770,793,753
03 - Allier_19139_Ensemble,Départements,Ensemble,19139-Trauma.intrathorac._intra-abdominal,19139,Trauma.intrathorac._intra,03 - Allier,3,Allier,114,112,99,120,111
03 - Allier_19140_Ensemble,Départements,Ensemble,19140-Traumatisme des nerfs,19140,Traumatisme des nerfs,03 - Allier,3,Allier,65,69,57,79,66
03 - Allier_19141_Ensemble,Départements,Ensemble,19141-Plaie tête (inclu globe oculaire),19141,Plaie tête (inclu globe oculaire),03 - Allier,3,Allier,133,144,200,111,140
03 - Allier_19142_Ensemble,Départements,Ensemble,19142-Plaie du membre supérieur,19142,Plaie du membre supérieur,03 - Allier,3,Allier,214,224,231,285,365
03 - Allier_19143_Ensemble,Départements,Ensemble,19143-Plaie du membre inférieur,19143,Plaie du membre inférieur,03 - Allier,3,Allier,43,44,47,56,57
03 - Allier_19144_Ensemble,Départements,Ensemble,19144-Corps étranger par orifice naturel,19144,Corps étranger par orifice naturel,03 - Allier,3,Allier,66,63,79,53,72
03 - Allier_19145_Ensemble,Départements,Ensemble,19145-Brûlure et corrosion,19145,Brûlure et corrosion,03 - Allier,3,Allier,53,55,70,57,35
03 - Allier_19146_Ensemble,Départements,Ensemble,19146-Intoxication produit pharmaceutique,19146,Intoxication produit pharmaceutique,03 - Allier,3,Allier,372,428,377,371,356
03 - Allier_19147_Ensemble,Départements,Ensemble,19147-Intoxication prod.non pharmaceutique,19147,Intoxication prod.non pharmaceutique,03 - Allier,3,Allier,52,58,47,43,70
03 - Allier_19148_Ensemble,Départements,Ensemble,19148-Effet nocif de cause extérieure,19148,Effet nocif de cause extérieure,03 - Allier,3,Allier,146,130,133,96,108
03 - Allier_19149_Ensemble,Départements,Ensemble,19149-Complic.acte chir.ou soin méd.n.c.a.,19149,Complic.acte chir.ou soin méd.n.c.a.,03 - Allier,3,Allier,477,472,383,421,490
03 - Allier_2007_Ensemble,Départements,Ensemble,02007-Tumeurs malignes,2007,Tumeurs malignes,03 - Allier,3,Allier,4901,4956,4721,4798,4674
03 - Allier_2008_Ensemble,Départements,Ensemble,02008-T.M. lèvre _bouche_pharynx,2008,T.M. lèvre _bouche_pharynx,03 - Allier,3,Allier,149,143,152,143,134
03 - Allier_2009_Ensemble,Départements,Ensemble,02009-Tumeur maligne de l'oesophage,2009,Tumeur maligne de l'oesophage,03 - Allier,3,Allier,56,57,44,39,49
03 - Allier_2010_Ensemble,Départements,Ensemble,02010-Tumeur maligne de l'estomac,2010,Tumeur maligne de l'estomac,03 - Allier,3,Allier,84,79,57,71,65
03 - Allier_2011_Ensemble,Départements,Ensemble,02011-Tumeurs malignes colo-rectales,2011,Tumeurs malignes colo,03 - Allier,3,Allier,484,460,466,473,441
03 - Allier_2012_Ensemble,Départements,Ensemble,02012-T.M.foie et voies biliaires intrahép,2012,T.M.foie et voies biliaires intrahép,03 - Allier,3,Allier,140,140,147,144,117
03 - Allier_2013_Ensemble,Départements,Ensemble,02013-Tumeur maligne du pancréas,2013,Tumeur maligne du pancréas,03 - Allier,3,Allier,149,130,119,161,138
03 - Allier_2014_Ensemble,Départements,Ensemble,02014-Tumeur maligne du larynx,2014,Tumeur maligne du larynx,03 - Allier,3,Allier,43,43,44,37,27
03 - Allier_2015_Ensemble,Départements,Ensemble,02015-T.M. trachée_bronches_poumon,2015,T.M. trachée_bronches_poumon,03 - Allier,3,Allier,338,334,322,326,368
03 - Allier_2016_Ensemble,Départements,Ensemble,02016-Mélanome malin de la peau,2016,Mélanome malin de la peau,03 - Allier,3,Allier,81,66,100,89,115
03 - Allier_2017_Ensemble,Départements,Ensemble,02017-Tumeur maligne du sein,2017,Tumeur maligne du sein,03 - Allier,3,Allier,490,514,443,509,464
03 - Allier_2018_Ensemble,Départements,Ensemble,02018-Tumeur maligne de l'utérus,2018,Tumeur maligne de l'utérus,03 - Allier,3,Allier,103,127,122,117,104
03 - Allier_2019_Ensemble,Départements,Ensemble,02019-Tumeur maligne de la prostate,2019,Tumeur maligne de la prostate,03 - Allier,3,Allier,551,590,562,665,575
03 - Allier_2020_Ensemble,Départements,Ensemble,02020-Tumeur maligne de la vessie,2020,Tumeur maligne de la vessie,03 - Allier,3,Allier,334,285,258,222,221
03 - Allier_2021_Ensemble,Départements,Ensemble,02021-T.M. système nerveux central,2021,T.M. système nerveux central,03 - Allier,3,Allier,80,75,68,69,64
03 - Allier_2022_Ensemble,Départements,Ensemble,02022-Tumeur maligne de la thyroïde,2022,Tumeur maligne de la thyroïde,03 - Allier,3,Allier,37,37,28,41,36
03 - Allier_2023_Ensemble,Départements,Ensemble,02023-Leucémies,2023,Leucémies,03 - Allier,3,Allier,89,74,98,80,97
03 - Allier_2024_Ensemble,Départements,Ensemble,02024-Tumeurs malignes secondaires,2024,Tumeurs malignes secondaires,03 - Allier,3,Allier,483,488,470,446,435
03 - Allier_2025_Ensemble,Départements,Ensemble,02025-Tumeurs bénignes,2025,Tumeurs bénignes,03 - Allier,3,Allier,3120,2901,2280,3012,3259
03 - Allier_2026_Ensemble,Départements,Ensemble,02026-T.B. côlon_rectum_anus et canal anal,2026,T.B. côlon_rectum_anus et canal anal,03 - Allier,3,Allier,1834,1688,1282,1824,2096
03 - Allier_2027_Ensemble,Départements,Ensemble,02027-Tumeurs bénignes de la peau,2027,Tumeurs bénignes de la peau,03 - Allier,3,Allier,112,109,62,66,57
03 - Allier_2028_Ensemble,Départements,Ensemble,02028-Tumeur bénigne du sein,2028,Tumeur bénigne du sein,03 - Allier,3,Allier,57,63,49,50,41
03 - Allier_2029_Ensemble,Départements,Ensemble,02029-Tumeur bénigne de l'utérus,2029,Tumeur bénigne de l'utérus,03 - Allier,3,Allier,228,195,195,198,223
03 - Allier_2030_Ensemble,Départements,Ensemble,02030-Tumeur bénigne de l'ovaire,2030,Tumeur bénigne de l'ovaire,03 - Allier,3,Allier,106,95,81,117,112
03 - Allier_2031_Ensemble,Départements,Ensemble,02031-Carcinomes in situ,2031,Carcinomes in situ,03 - Allier,3,Allier,161,231,201,300,262
03 - Allier_2032_Ensemble,Départements,Ensemble,02032-Tum. évol. imprévisible ou inconnue,2032,Tum. évol. imprévisible ou inconnue,03 - Allier,3,Allier,486,419,426,473,446
03 - Allier_21151_Ensemble,Départements,Ensemble,21151-Examen_investig.sans résult.anormaux,21151,Examen_investig.sans résult.anormaux,03 - Allier,3,Allier,4115,4405,3511,4670,6187
03 - Allier_21152_Ensemble,Départements,Ensemble,21152-Surveil.grossesse_nouveau-né normal,21152,Surveil.grossesse_nouveau,03 - Allier,3,Allier,555,607,509,729,721
03 - Allier_21153_Ensemble,Départements,Ensemble,21153-Thérapie sans raison médicale,21153,Thérapie sans raison médicale,03 - Allier,3,Allier,151,134,144,168,173
03 - Allier_21154_Ensemble,Départements,Ensemble,21154-Dialyse,21154,Dialyse,03 - Allier,3,Allier,82,72,80,78,99
03 - Allier_21155_Ensemble,Départements,Ensemble,21155-Radiothérapie,21155,Radiothérapie,03 - Allier,3,Allier,93,97,117,134,126
03 - Allier_21156_Ensemble,Départements,Ensemble,21156-Chimiothérapie pour tumeur,21156,Chimiothérapie pour tumeur,03 - Allier,3,Allier,1013,1002,960,833,716
03 - Allier_21157_Ensemble,Départements,Ensemble,21157-Surveil.post traitement med.ou chir.,21157,Surveil.post traitement med.ou chir.,03 - Allier,3,Allier,4174,4335,4013,4290,4538
03 - Allier_21158_Ensemble,Départements,Ensemble,21158-Recours raison économique ou sociale,21158,Recours raison économique ou sociale,03 - Allier,3,Allier,177,216,213,213,180
03 - Allier_22000_Ensemble,Départements,Ensemble,22000-Infection à la Covid-19,22000,Infection à la Covid,03 - Allier,3,Allier,,,933,1093,1295
03 - Allier_3033_Ensemble,Départements,Ensemble,03033-Anémies,3033,Anémies,03 - Allier,3,Allier,808,801,717,727,706
03 - Allier_4034_Ensemble,Départements,Ensemble,04034-Affections de la glande thyroïde,4034,Affections de la glande thyroïde,03 - Allier,3,Allier,136,120,103,142,133
03 - Allier_4035_Ensemble,Départements,Ensemble,04035-Diabète sucré,4035,Diabète sucré,03 - Allier,3,Allier,624,492,445,337,371
03 - Allier_4036_Ensemble,Départements,Ensemble,04036-Obésité et autre excès d'apport,4036,Obésité et autre excès d'apport,03 - Allier,3,Allier,311,255,157,301,212
03 - Allier_4037_Ensemble,Départements,Ensemble,04037-Anomalies du métabolisme,4037,Anomalies du métabolisme,03 - Allier,3,Allier,562,547,549,569,526
03 - Allier_5038_Ensemble,Départements,Ensemble,05038-Démences,5038,Démences,03 - Allier,3,Allier,207,177,138,155,116
03 - Allier_5039_Ensemble,Départements,Ensemble,05039-Intoxication aiguë due à l'alcool,5039,Intoxication aiguë due à l'alcool,03 - Allier,3,Allier,623,609,497,530,357
03 - Allier_5040_Ensemble,Départements,Ensemble,05040-Alcool.chron._ trbl mental dû alcool,5040,Alcool.chron._ trbl mental dû alcool,03 - Allier,3,Allier,730,1011,943,919,787
03 - Allier_5041_Ensemble,Départements,Ensemble,05041-Schizophrénie_aut.trbl délir.non org,5041,Schizophrénie_aut.trbl délir.non org,03 - Allier,3,Allier,36,43,53,39,46
03 - Allier_5042_Ensemble,Départements,Ensemble,05042-Dépression_autre trouble de l'humeur,5042,Dépression_autre trouble de l'humeur,03 - Allier,3,Allier,169,143,146,177,149
03 - Allier_5043_Ensemble,Départements,Ensemble,05043-Trbl névrotique_ person._comport.,5043,Trbl névrotique_ person._comport.,03 - Allier,3,Allier,282,343,288,312,286
03 - Allier_5044_Ensemble,Départements,Ensemble,05044-Trbl psycho-somatique ou aliment.,5044,Trbl psycho,03 - Allier,3,Allier,35,52,42,63,56
03 - Allier_6045_Ensemble,Départements,Ensemble,06045-Mal.inflam.système nerveux central,6045,Mal.inflam.système nerveux central,03 - Allier,3,Allier,72,57,46,36,48
03 - Allier_6046_Ensemble,Départements,Ensemble,06046-Maladie de Parkinson,6046,Maladie de Parkinson,03 - Allier,3,Allier,73,53,39,42,50
03 - Allier_6047_Ensemble,Départements,Ensemble,06047-Sclérose en plaques,6047,Sclérose en plaques,03 - Allier,3,Allier,43,43,31,22,36
03 - Allier_6048_Ensemble,Départements,Ensemble,06048-Epilepsie,6048,Epilepsie,03 - Allier,3,Allier,413,362,370,320,321
03 - Allier_6049_Ensemble,Départements,Ensemble,06049-Ischémie cérébrale transitoire,6049,Ischémie cérébrale transitoire,03 - Allier,3,Allier,332,304,307,294,290
03 - Allier_6050_Ensemble,Départements,Ensemble,06050-Troubles du sommeil,6050,Troubles du sommeil,03 - Allier,3,Allier,29,24,30,24,15
03 - Allier_6051_Ensemble,Départements,Ensemble,06051-Mal. système nerveux périphérique,6051,Mal. système nerveux périphérique,03 - Allier,3,Allier,1265,1392,1078,1351,1301
03 - Allier_6052_Ensemble,Départements,Ensemble,06052-Paralysie cérébrale_autr.syndr.paral,6052,Paralysie cérébrale_autr.syndr.paral,03 - Allier,3,Allier,148,168,157,168,152
03 - Allier_7053_Ensemble,Départements,Ensemble,07053-Cataracte,7053,Cataracte,03 - Allier,3,Allier,5533,6207,4775,6933,6854
03 - Allier_7054_Ensemble,Départements,Ensemble,07054-Décollement_déchirure de la rétine,7054,Décollement_déchirure de la rétine,03 - Allier,3,Allier,189,183,125,120,151
03 - Allier_7055_Ensemble,Départements,Ensemble,07055-Glaucome,7055,Glaucome,03 - Allier,3,Allier,100,115,97,70,75
03 - Allier_7056_Ensemble,Départements,Ensemble,07056-Strabisme_autr.anom.mouve.binocul.,7056,Strabisme_autr.anom.mouve.binocul.,03 - Allier,3,Allier,62,54,55,57,71
03 - Allier_8057_Ensemble,Départements,Ensemble,08057-Otite moyenne et mastoïdite,8057,Otite moyenne et mastoïdite,03 - Allier,3,Allier,240,280,128,159,196
03 - Allier_8058_Ensemble,Départements,Ensemble,08058-Surdité,8058,Surdité,03 - Allier,3,Allier,29,34,22,32,39
03 - Allier_9059_Ensemble,Départements,Ensemble,09059-Maladies hypertensives,9059,Maladies hypertensives,03 - Allier,3,Allier,212,195,200,194,176
03 - Allier_9060_Ensemble,Départements,Ensemble,09060-Angine de poitrine,9060,Angine de poitrine,03 - Allier,3,Allier,1304,1723,1284,1196,1446
03 - Allier_9061_Ensemble,Départements,Ensemble,09061-Infarctus aigu du myocarde,9061,Infarctus aigu du myocarde,03 - Allier,3,Allier,808,934,846,796,697
03 - Allier_9062_Ensemble,Départements,Ensemble,09062-Autres cardiopat.ischémiques aiguës,9062,Autres cardiopat.ischémiques aiguës,03 - Allier,3,Allier,17,30,27,38,81
03 - Allier_9063_Ensemble,Départements,Ensemble,09063-Cardiopathies ischémiques chroniques,9063,Cardiopathies ischémiques chroniques,03 - Allier,3,Allier,971,930,629,904,708
03 - Allier_9064_Ensemble,Départements,Ensemble,09064-Embolie pulmonaire,9064,Embolie pulmonaire,03 - Allier,3,Allier,320,329,365,390,360
03 - Allier_9065_Ensemble,Départements,Ensemble,09065-Valvulopathie card.non rhumatismale,9065,Valvulopathie card.non rhumatismale,03 - Allier,3,Allier,292,295,305,396,374
03 - Allier_9066_Ensemble,Départements,Ensemble,09066-Trbls conduction et rythme cardiaque,9066,Trbls conduction et rythme cardiaque,03 - Allier,3,Allier,1447,1561,1453,1595,1603
03 - Allier_9067_Ensemble,Départements,Ensemble,09067-Insuffisance cardiaque,9067,Insuffisance cardiaque,03 - Allier,3,Allier,1739,1786,1662,1799,1621
03 - Allier_9068_Ensemble,Départements,Ensemble,09068-Hémor.méningée_céréb._intracrânien.,9068,Hémor.méningée_céréb._intracrânien.,03 - Allier,3,Allier,245,242,249,200,208
03 - Allier_9069_Ensemble,Départements,Ensemble,09069-Thromboses des artères céréb.  et précéréb*,9069,Thromboses des artères céréb.  et précéréb*,03 - Allier,3,Allier,183,224,236,180,163
03 - Allier_9070_Ensemble,Départements,Ensemble,09070-Accident vascul. cérébral mal défini,9070,Accident vascul. cérébral mal défini,03 - Allier,3,Allier,27,25,10,4,21
03 - Allier_9071_Ensemble,Départements,Ensemble,09071-Artériosclérose périphérique,9071,Artériosclérose périphérique,03 - Allier,3,Allier,537,493,445,484,397
03 - Allier_9072_Ensemble,Départements,Ensemble,09072-Phlébite et thrombophlébite,9072,Phlébite et thrombophlébite,03 - Allier,3,Allier,126,133,144,122,112
03 - Allier_9073_Ensemble,Départements,Ensemble,09073-Varices des membres inférieurs,9073,Varices des membres inférieurs,03 - Allier,3,Allier,817,821,726,788,679
03 - Allier_9160_Ensemble,Départements,Ensemble,09160-Infarctus cérébral (à partir de 2015),9160,Infarctus cérébral (à partir de 2015),03 - Allier,3,Allier,622,684,637,708,693
04 - Alpes-de-Haute-Provence_1001_Ensemble,Départements,Ensemble,01001-Maladies intestinales infectieuses,1001,Maladies intestinales infectieuses,04 - Alpes-de-Haute-Provence,4,Alpes-de-Haute-Provence,169,163,144,159,166
04 - Alpes-de-Haute-Provence_1002_Ensemble,Départements,Ensemble,01002-Tuberculose,1002,Tuberculose,04 - Alpes-de-Haute-Provence,4,Alpes-de-Haute-Provence,10,4,6,12,6
04 - Alpes-de-Haute-Provence_1003_Ensemble,Départements,Ensemble,01003-Septicémies,1003,Septicémies,04 - Alpes-de-Haute-Provence,4,Alpes-de-Haute-Provence,147,133,127,132,87
04 - Alpes-de-Haute-Provence_1004_Ensemble,Départements,Ensemble,01004-Mal.sexuellement transmissibles,1004,Mal.sexuellement transmissibles,04 - Alpes-de-Haute-Provence,4,Alpes-de-Haute-Provence,40,30,23,23,15
04 - Alpes-de-Haute-Provence_1005_Ensemble,Départements,Ensemble,01005-Hépatites virales,1005,Hépatites virales,04 - Alpes-de-Haute-Provence,4,Alpes-de-Haute-Provence,7,12,5,5,11
04 - Alpes-de-Haute-Provence_1006_Ensemble,Départements,Ensemble,01006-Maladies dues au V.I.H.,1006,Maladies dues au V.I.H.,04 - Alpes-de-Haute-Provence,4,Alpes-de-Haute-Provence,0,,4,3,0
04 - Alpes-de-Haute-Provence_10075_Ensemble,Départements,Ensemble,10075-Affections aiguës voies respir. sup.,10075,Affections aiguës voies respir. sup.,04 - Alpes-de-Haute-Provence,4,Alpes-de-Haute-Provence,64,81,65,53,83
04 - Alpes-de-Haute-Provence_10076_Ensemble,Départements,Ensemble,10076-Pneumonie,10076,Pneumonie,04 - Alpes-de-Haute-Provence,4,Alpes-de-Haute-Provence,641,681,466,383,451
04 - Alpes-de-Haute-Provence_10077_Ensemble,Départements,Ensemble,10077-Bronchite et bronchiolite aiguës,10077,Bronchite et bronchiolite aiguës,04 - Alpes-de-Haute-Provence,4,Alpes-de-Haute-Provence,213,190,112,134,170
04 - Alpes-de-Haute-Provence_10078_Ensemble,Départements,Ensemble,10078-Mal.chron.amygdales_végé.adénoïdes,10078,Mal.chron.amygdales_végé.adénoïdes,04 - Alpes-de-Haute-Provence,4,Alpes-de-Haute-Provence,124,152,76,94,182
04 - Alpes-de-Haute-Provence_10079_Ensemble,Départements,Ensemble,10079-Asthme,10079,Asthme,04 - Alpes-de-Haute-Provence,4,Alpes-de-Haute-Provence,137,134,117,126,126
04 - Alpes-de-Haute-Provence_10080_Ensemble,Départements,Ensemble,10080-Bronchite chron._mal.pulm.obst.chron,10080,Bronchite chron._mal.pulm.obst.chron,04 - Alpes-de-Haute-Provence,4,Alpes-de-Haute-Provence,376,413,305,255,269
04 - Alpes-de-Haute-Provence_10081_Ensemble,Départements,Ensemble,10081-Pleurésie,10081,Pleurésie,04 - Alpes-de-Haute-Provence,4,Alpes-de-Haute-Provence,128,122,111,135,111
04 - Alpes-de-Haute-Provence_11074_Ensemble,Départements,Ensemble,11074-Hémorroïdes (à partir de 2015),11074,Hémorroïdes (à partir de 2015),04 - Alpes-de-Haute-Provence,4,Alpes-de-Haute-Provence,142,148,137,164,175
04 - Alpes-de-Haute-Provence_11082_Ensemble,Départements,Ensemble,11082-Maladies des dents et du parodonte,11082,Maladies des dents et du parodonte,04 - Alpes-de-Haute-Provence,4,Alpes-de-Haute-Provence,1381,1173,816,1078,1042
04 - Alpes-de-Haute-Provence_11083_Ensemble,Départements,Ensemble,11083-Maladies de l'oesophage,11083,Maladies de l'oesophage,04 - Alpes-de-Haute-Provence,4,Alpes-de-Haute-Provence,461,582,508,616,560
04 - Alpes-de-Haute-Provence_11084_Ensemble,Départements,Ensemble,11084-Ulcères de l'estomac et du duodénum,11084,Ulcères de l'estomac et du duodénum,04 - Alpes-de-Haute-Provence,4,Alpes-de-Haute-Provence,110,92,93,80,83
04 - Alpes-de-Haute-Provence_11085_Ensemble,Départements,Ensemble,11085-Appendicite,11085,Appendicite,04 - Alpes-de-Haute-Provence,4,Alpes-de-Haute-Provence,204,220,202,179,208
04 - Alpes-de-Haute-Provence_11086_Ensemble,Départements,Ensemble,11086-Hernie abdominale,11086,Hernie abdominale,04 - Alpes-de-Haute-Provence,4,Alpes-de-Haute-Provence,1036,780,661,761,889
04 - Alpes-de-Haute-Provence_11087_Ensemble,Départements,Ensemble,11087-Occlusion sans mention de hernie,11087,Occlusion sans mention de hernie,04 - Alpes-de-Haute-Provence,4,Alpes-de-Haute-Provence,211,284,240,237,269
04 - Alpes-de-Haute-Provence_11088_Ensemble,Départements,Ensemble,11088-Diverticulose intestinale,11088,Diverticulose intestinale,04 - Alpes-de-Haute-Provence,4,Alpes-de-Haute-Provence,545,506,437,514,535
04 - Alpes-de-Haute-Provence_11089_Ensemble,Départements,Ensemble,11089-Fistule_abcès rég. anale et rectale,11089,Fistule_abcès rég. anale et rectale,04 - Alpes-de-Haute-Provence,4,Alpes-de-Haute-Provence,96,97,92,106,117
04 - Alpes-de-Haute-Provence_11090_Ensemble,Départements,Ensemble,11090-Cirrhose et maladies chron.du foie,11090,Cirrhose et maladies chron.du foie,04 - Alpes-de-Haute-Provence,4,Alpes-de-Haute-Provence,89,82,83,89,94