departement,sexe,year,pathologie,code_pathologie,nom_pathologie,departement_1,code_departement,nom_departement,code_age,tranche_age,nbr_hospi,cle_unique,Classification
Départements,Femme,12/31/2022,22000-Infection à la Covid-19,22000,Infection à la Covid,01 - Ain,1,Ain,0,Moins d'un an,55,01 - Ain_22000_2022,M
Départements,Femme,12/31/2020,22000-Infection à la Covid-19,22000,Infection à la Covid,38 - Isère,38,Isère,0,Moins d'un an,21,38 - Isère_22000_2020,M
Départements,Femme,12/31/2021,22000-Infection à la Covid-19,22000,Infection à la Covid,91 - Essonne,91,Essonne,0,Moins d'un an,49,91 - Essonne_22000_2021,M
Départements,Homme,12/31/2022,22000-Infection à la Covid-19,22000,Infection à la Covid,31 - Haute-Garonne,31,Haute-Garonne,0,Moins d'un an,257,31 - Haute-Garonne_22000_2022,M
Départements,Homme,12/31/2022,22000-Infection à la Covid-19,22000,Infection à la Covid,44 - Loire-Atlantique,44,Loire-Atlantique,0,Moins d'un an,102,44 - Loire-Atlantique_22000_2022,M
Départements,Femme,12/31/2022,22000-Infection à la Covid-19,22000,Infection à la Covid,90 - Territoire de Belfort,90,Territoire de Belfort,0,Moins d'un an,9,90 - Territoire de Belfort_22000_2022,M
Départements,Femme,12/31/2022,22000-Infection à la Covid-19,22000,Infection à la Covid,64 - Pyrénées-Atlantiques,64,Pyrénées-Atlantiques,0,Moins d'un an,60,64 - Pyrénées-Atlantiques_22000_2022,M
Départements,Homme,12/31/2020,22000-Infection à la Covid-19,22000,Infection à la Covid,23 - Creuse,23,Creuse,1,1 à 4 ans,0,23 - Creuse_22000_2020,M
Départements,Femme,12/31/2022,22000-Infection à la Covid-19,22000,Infection à la Covid,73 - Savoie,73,Savoie,1,1 à 4 ans,15,73 - Savoie_22000_2022,M
Départements,Homme,12/31/2022,22000-Infection à la Covid-19,22000,Infection à la Covid,82 - Tarn-et-Garonne,82,Tarn-et-Garonne,1,1 à 4 ans,8,82 - Tarn-et-Garonne_22000_2022,M
Départements,Femme,12/31/2020,22000-Infection à la Covid-19,22000,Infection à la Covid,54 - Meurthe-et-Moselle,54,Meurthe-et-Moselle,1,1 à 4 ans,0,54 - Meurthe-et-Moselle_22000_2020,M
Départements,Homme,12/31/2020,22000-Infection à la Covid-19,22000,Infection à la Covid,66 - Pyrénées-Orientales,66,Pyrénées-Orientales,1,1 à 4 ans,0,66 - Pyrénées-Orientales_22000_2020,M
Départements,Homme,12/31/2022,22000-Infection à la Covid-19,22000,Infection à la Covid,30 - Gard,30,Gard,2,5 à 14 ans,23,30 - Gard_22000_2022,M
Départements,Homme,12/31/2021,22000-Infection à la Covid-19,22000,Infection à la Covid,25 - Doubs,25,Doubs,2,5 à 14 ans,0,25 - Doubs_22000_2021,M
Départements,Femme,12/31/2021,22000-Infection à la Covid-19,22000,Infection à la Covid,33 - Gironde,33,Gironde,2,5 à 14 ans,4,33 - Gironde_22000_2021,M
Départements,Femme,12/31/2022,22000-Infection à la Covid-19,22000,Infection à la Covid,82 - Tarn-et-Garonne,82,Tarn-et-Garonne,2,5 à 14 ans,5,82 - Tarn-et-Garonne_22000_2022,M
Départements,Femme,12/31/2021,22000-Infection à la Covid-19,22000,Infection à la Covid,85 - Vendée,85,Vendée,3,15 à 24 ans,7,85 - Vendée_22000_2021,M
Départements,Homme,12/31/2021,22000-Infection à la Covid-19,22000,Infection à la Covid,21 - Côte-d'Or,21,Côte-d'Or,3,15 à 24 ans,6,21 - Côte-d'Or_22000_2021,M
Départements,Homme,12/31/2021,22000-Infection à la Covid-19,22000,Infection à la Covid,17 - Charente-Maritime,17,Charente-Maritime,3,15 à 24 ans,14,17 - Charente-Maritime_22000_2021,M
Départements,Femme,12/31/2021,22000-Infection à la Covid-19,22000,Infection à la Covid,27 - Eure,27,Eure,4,25 à 34 ans,42,27 - Eure_22000_2021,M
Départements,Homme,12/31/2022,22000-Infection à la Covid-19,22000,Infection à la Covid,55 - Meuse,55,Meuse,4,25 à 34 ans,5,55 - Meuse_22000_2022,M
Départements,Homme,12/31/2021,22000-Infection à la Covid-19,22000,Infection à la Covid,52 - Haute-Marne,52,Haute-Marne,4,25 à 34 ans,9,52 - Haute-Marne_22000_2021,M
Départements,Homme,12/31/2021,22000-Infection à la Covid-19,22000,Infection à la Covid,54 - Meurthe-et-Moselle,54,Meurthe-et-Moselle,4,25 à 34 ans,57,54 - Meurthe-et-Moselle_22000_2021,M
Départements,Homme,12/31/2021,22000-Infection à la Covid-19,22000,Infection à la Covid,39 - Jura,39,Jura,5,35 à 44 ans,34,39 - Jura_22000_2021,M
Départements,Femme,12/31/2020,22000-Infection à la Covid-19,22000,Infection à la Covid,45 - Loiret,45,Loiret,5,35 à 44 ans,44,45 - Loiret_22000_2020,M
Départements,Femme,12/31/2021,22000-Infection à la Covid-19,22000,Infection à la Covid,07 - Ardèche,7,Ardèche,5,35 à 44 ans,34,07 - Ardèche_22000_2021,M
Départements,Femme,12/31/2021,22000-Infection à la Covid-19,22000,Infection à la Covid,21 - Côte-d'Or,21,Côte-d'Or,5,35 à 44 ans,42,21 - Côte-d'Or_22000_2021,M
Départements,Femme,12/31/2020,22000-Infection à la Covid-19,22000,Infection à la Covid,2B - Haute-Corse,,Haute-Corse,6,45 à 54 ans,12,2B - Haute-Corse_22000_2020,M
Départements,Homme,12/31/2021,22000-Infection à la Covid-19,22000,Infection à la Covid,971 - Guadeloupe,971,Guadeloupe,6,45 à 54 ans,279,971 - Guadeloupe_22000_2021,M
Départements,Femme,12/31/2020,22000-Infection à la Covid-19,22000,Infection à la Covid,87 - Haute-Vienne,87,Haute-Vienne,6,45 à 54 ans,40,87 - Haute-Vienne_22000_2020,M
Départements,Femme,12/31/2022,22000-Infection à la Covid-19,22000,Infection à la Covid,64 - Pyrénées-Atlantiques,64,Pyrénées-Atlantiques,6,45 à 54 ans,55,64 - Pyrénées-Atlantiques_22000_2022,M
Départements,Femme,12/31/2021,22000-Infection à la Covid-19,22000,Infection à la Covid,04 - Alpes-de-Haute-Provence,4,Alpes-de-Haute-Provence,6,45 à 54 ans,52,04 - Alpes-de-Haute-Provence_22000_2021,M
Départements,Femme,12/31/2021,22000-Infection à la Covid-19,22000,Infection à la Covid,61 - Orne,61,Orne,7,55 à 64 ans,89,61 - Orne_22000_2021,M
Départements,Homme,12/31/2022,22000-Infection à la Covid-19,22000,Infection à la Covid,02 - Aisne,2,Aisne,7,55 à 64 ans,132,02 - Aisne_22000_2022,M
Départements,Femme,12/31/2021,22000-Infection à la Covid-19,22000,Infection à la Covid,85 - Vendée,85,Vendée,7,55 à 64 ans,108,85 - Vendée_22000_2021,M
Départements,Femme,12/31/2020,22000-Infection à la Covid-19,22000,Infection à la Covid,68 - Haut-Rhin,68,Haut-Rhin,7,55 à 64 ans,262,68 - Haut-Rhin_22000_2020,M
Départements,Femme,12/31/2022,22000-Infection à la Covid-19,22000,Infection à la Covid,74 - Haute-Savoie,74,Haute-Savoie,7,55 à 64 ans,103,74 - Haute-Savoie_22000_2022,M
Départements,Homme,12/31/2020,22000-Infection à la Covid-19,22000,Infection à la Covid,76 - Seine-Maritime,76,Seine-Maritime,7,55 à 64 ans,246,76 - Seine-Maritime_22000_2020,M
Départements,Femme,12/31/2021,22000-Infection à la Covid-19,22000,Infection à la Covid,44 - Loire-Atlantique,44,Loire-Atlantique,7,55 à 64 ans,175,44 - Loire-Atlantique_22000_2021,M
Départements,Homme,12/31/2020,22000-Infection à la Covid-19,22000,Infection à la Covid,54 - Meurthe-et-Moselle,54,Meurthe-et-Moselle,7,55 à 64 ans,275,54 - Meurthe-et-Moselle_22000_2020,M
Départements,Homme,12/31/2022,22000-Infection à la Covid-19,22000,Infection à la Covid,83 - Var,83,Var,8,65 à 74 ans,553,83 - Var_22000_2022,M
Départements,Femme,12/31/2022,22000-Infection à la Covid-19,22000,Infection à la Covid,61 - Orne,61,Orne,8,65 à 74 ans,90,61 - Orne_22000_2022,M
Départements,Homme,12/31/2021,22000-Infection à la Covid-19,22000,Infection à la Covid,08 - Ardennes,8,Ardennes,8,65 à 74 ans,145,08 - Ardennes_22000_2021,M
Départements,Homme,12/31/2020,22000-Infection à la Covid-19,22000,Infection à la Covid,16 - Charente,16,Charente,8,65 à 74 ans,42,16 - Charente_22000_2020,M
Départements,Femme,12/31/2022,22000-Infection à la Covid-19,22000,Infection à la Covid,19 - Corrèze,19,Corrèze,8,65 à 74 ans,72,19 - Corrèze_22000_2022,M
Départements,Homme,12/31/2021,22000-Infection à la Covid-19,22000,Infection à la Covid,21 - Côte-d'Or,21,Côte-d'Or,8,65 à 74 ans,167,21 - Côte-d'Or_22000_2021,M
Départements,Homme,12/31/2021,22000-Infection à la Covid-19,22000,Infection à la Covid,92 - Hauts-de-Seine,92,Hauts-de-Seine,8,65 à 74 ans,803,92 - Hauts-de-Seine_22000_2021,M
Départements,Homme,12/31/2022,22000-Infection à la Covid-19,22000,Infection à la Covid,65 - Hautes-Pyrénées,65,Hautes-Pyrénées,8,65 à 74 ans,82,65 - Hautes-Pyrénées_22000_2022,M
Départements,Homme,12/31/2021,22000-Infection à la Covid-19,22000,Infection à la Covid,66 - Pyrénées-Orientales,66,Pyrénées-Orientales,8,65 à 74 ans,180,66 - Pyrénées-Orientales_22000_2021,M
Départements,Femme,12/31/2020,22000-Infection à la Covid-19,22000,Infection à la Covid,32 - Gers,32,Gers,9,75 à 84 ans,33,32 - Gers_22000_2020,M
Départements,Homme,12/31/2022,22000-Infection à la Covid-19,22000,Infection à la Covid,32 - Gers,32,Gers,9,75 à 84 ans,98,32 - Gers_22000_2022,M
Départements,Homme,12/31/2021,22000-Infection à la Covid-19,22000,Infection à la Covid,55 - Meuse,55,Meuse,9,75 à 84 ans,92,55 - Meuse_22000_2021,M
Départements,Femme,12/31/2021,22000-Infection à la Covid-19,22000,Infection à la Covid,88 - Vosges,88,Vosges,9,75 à 84 ans,150,88 - Vosges_22000_2021,M
Départements,Femme,12/31/2020,22000-Infection à la Covid-19,22000,Infection à la Covid,48 - Lozère,48,Lozère,9,75 à 84 ans,26,48 - Lozère_22000_2020,M
Départements,Femme,12/31/2020,22000-Infection à la Covid-19,22000,Infection à la Covid,91 - Essonne,91,Essonne,9,75 à 84 ans,467,91 - Essonne_22000_2020,M
Départements,Femme,12/31/2021,22000-Infection à la Covid-19,22000,Infection à la Covid,973 - Guyane,973,Guyane,9,75 à 84 ans,105,973 - Guyane_22000_2021,M
Départements,Homme,12/31/2021,22000-Infection à la Covid-19,22000,Infection à la Covid,971 - Guadeloupe,971,Guadeloupe,9,75 à 84 ans,237,971 - Guadeloupe_22000_2021,M
Départements,Femme,12/31/2021,22000-Infection à la Covid-19,22000,Infection à la Covid,39 - Jura,39,Jura,10,85 ans et plus,174,39 - Jura_22000_2021,M
Départements,Homme,12/31/2021,22000-Infection à la Covid-19,22000,Infection à la Covid,75 - Paris,75,Paris,10,85 ans et plus,656,75 - Paris_22000_2021,M
Départements,Homme,12/31/2021,22000-Infection à la Covid-19,22000,Infection à la Covid,09 - Ariège,9,Ariège,10,85 ans et plus,54,09 - Ariège_22000_2021,M
Départements,Homme,12/31/2021,22000-Infection à la Covid-19,22000,Infection à la Covid,33 - Gironde,33,Gironde,10,85 ans et plus,363,33 - Gironde_22000_2021,M
Départements,Homme,12/31/2021,22000-Infection à la Covid-19,22000,Infection à la Covid,78 - Yvelines,78,Yvelines,10,85 ans et plus,392,78 - Yvelines_22000_2021,M
Départements,Homme,12/31/2021,22000-Infection à la Covid-19,22000,Infection à la Covid,974 - Réunion,974,Réunion,10,85 ans et plus,81,974 - Réunion_22000_2021,M
Départements,Homme,12/31/2022,22000-Infection à la Covid-19,22000,Infection à la Covid,79 - Deux-Sèvres,79,Deux-Sèvres,10,85 ans et plus,184,79 - Deux-Sèvres_22000_2022,M
Départements,Homme,12/31/2020,22000-Infection à la Covid-19,22000,Infection à la Covid,18 - Cher,18,Cher,0,Moins d'un an,0,18 - Cher_22000_2020,M
Départements,Homme,12/31/2022,22000-Infection à la Covid-19,22000,Infection à la Covid,60 - Oise,60,Oise,0,Moins d'un an,141,60 - Oise_22000_2022,M
Départements,Homme,12/31/2020,22000-Infection à la Covid-19,22000,Infection à la Covid,61 - Orne,61,Orne,0,Moins d'un an,0,61 - Orne_22000_2020,M
Départements,Femme,12/31/2021,22000-Infection à la Covid-19,22000,Infection à la Covid,33 - Gironde,33,Gironde,0,Moins d'un an,30,33 - Gironde_22000_2021,M
Départements,Homme,12/31/2021,22000-Infection à la Covid-19,22000,Infection à la Covid,52 - Haute-Marne,52,Haute-Marne,0,Moins d'un an,0,52 - Haute-Marne_22000_2021,M
Départements,Homme,12/31/2022,22000-Infection à la Covid-19,22000,Infection à la Covid,47 - Lot-et-Garonne,47,Lot-et-Garonne,0,Moins d'un an,33,47 - Lot-et-Garonne_22000_2022,M
Départements,Homme,12/31/2022,22000-Infection à la Covid-19,22000,Infection à la Covid,93 - Seine-Saint-Denis,93,Seine-Saint-Denis,0,Moins d'un an,138,93 - Seine-Saint-Denis_22000_2022,M
Départements,Femme,12/31/2020,22000-Infection à la Covid-19,22000,Infection à la Covid,39 - Jura,39,Jura,1,1 à 4 ans,0,39 - Jura_22000_2020,M
Départements,Femme,12/31/2022,22000-Infection à la Covid-19,22000,Infection à la Covid,75 - Paris,75,Paris,1,1 à 4 ans,13,75 - Paris_22000_2022,M
Départements,Homme,12/31/2022,22000-Infection à la Covid-19,22000,Infection à la Covid,80 - Somme,80,Somme,1,1 à 4 ans,25,80 - Somme_22000_2022,M
Départements,Homme,12/31/2020,22000-Infection à la Covid-19,22000,Infection à la Covid,73 - Savoie,73,Savoie,1,1 à 4 ans,0,73 - Savoie_22000_2020,M
Départements,Homme,12/31/2021,22000-Infection à la Covid-19,22000,Infection à la Covid,12 - Aveyron,12,Aveyron,1,1 à 4 ans,0,12 - Aveyron_22000_2021,M
Départements,Homme,12/31/2022,22000-Infection à la Covid-19,22000,Infection à la Covid,12 - Aveyron,12,Aveyron,1,1 à 4 ans,0,12 - Aveyron_22000_2022,M
Départements,Homme,12/31/2021,22000-Infection à la Covid-19,22000,Infection à la Covid,43 - Haute-Loire,43,Haute-Loire,1,1 à 4 ans,0,43 - Haute-Loire_22000_2021,M
Départements,Femme,12/31/2021,22000-Infection à la Covid-19,22000,Infection à la Covid,94 - Val-de-Marne,94,Val-de-Marne,1,1 à 4 ans,6,94 - Val-de-Marne_22000_2021,M
Départements,Homme,12/31/2022,22000-Infection à la Covid-19,22000,Infection à la Covid,31 - Haute-Garonne,31,Haute-Garonne,1,1 à 4 ans,15,31 - Haute-Garonne_22000_2022,M
Départements,Femme,12/31/2020,22000-Infection à la Covid-19,22000,Infection à la Covid,66 - Pyrénées-Orientales,66,Pyrénées-Orientales,1,1 à 4 ans,0,66 - Pyrénées-Orientales_22000_2020,M
Départements,Femme,12/31/2022,22000-Infection à la Covid-19,22000,Infection à la Covid,61 - Orne,61,Orne,2,5 à 14 ans,15,61 - Orne_22000_2022,M
Départements,Homme,12/31/2021,22000-Infection à la Covid-19,22000,Infection à la Covid,51 - Marne,51,Marne,2,5 à 14 ans,0,51 - Marne_22000_2021,M
Départements,Homme,12/31/2021,22000-Infection à la Covid-19,22000,Infection à la Covid,80 - Somme,80,Somme,2,5 à 14 ans,5,80 - Somme_22000_2021,M
Départements,Homme,12/31/2020,22000-Infection à la Covid-19,22000,Infection à la Covid,976 - Mayotte,976,Mayotte,2,5 à 14 ans,0,976 - Mayotte_22000_2020,M
Départements,Homme,12/31/2020,22000-Infection à la Covid-19,22000,Infection à la Covid,43 - Haute-Loire,43,Haute-Loire,2,5 à 14 ans,0,43 - Haute-Loire_22000_2020,M
Départements,Homme,12/31/2021,22000-Infection à la Covid-19,22000,Infection à la Covid,2A - Corse-du-Sud,,Corse-du-Sud,2,5 à 14 ans,0,2A - Corse-du-Sud_22000_2021,M
Départements,Homme,12/31/2020,22000-Infection à la Covid-19,22000,Infection à la Covid,76 - Seine-Maritime,76,Seine-Maritime,2,5 à 14 ans,0,76 - Seine-Maritime_22000_2020,M
Départements,Femme,12/31/2021,22000-Infection à la Covid-19,22000,Infection à la Covid,65 - Hautes-Pyrénées,65,Hautes-Pyrénées,2,5 à 14 ans,0,65 - Hautes-Pyrénées_22000_2021,M
Départements,Homme,12/31/2020,22000-Infection à la Covid-19,22000,Infection à la Covid,60 - Oise,60,Oise,3,15 à 24 ans,15,60 - Oise_22000_2020,M
Départements,Homme,12/31/2022,22000-Infection à la Covid-19,22000,Infection à la Covid,67 - Bas-Rhin,67,Bas-Rhin,3,15 à 24 ans,6,67 - Bas-Rhin_22000_2022,M
Départements,Femme,12/31/2020,22000-Infection à la Covid-19,22000,Infection à la Covid,78 - Yvelines,78,Yvelines,3,15 à 24 ans,38,78 - Yvelines_22000_2020,M
Départements,Homme,12/31/2020,22000-Infection à la Covid-19,22000,Infection à la Covid,90 - Territoire de Belfort,90,Territoire de Belfort,3,15 à 24 ans,0,90 - Territoire de Belfort_22000_2020,M
Départements,Homme,12/31/2021,22000-Infection à la Covid-19,22000,Infection à la Covid,36 - Indre,36,Indre,4,25 à 34 ans,13,36 - Indre_22000_2021,M
Départements,Femme,12/31/2021,22000-Infection à la Covid-19,22000,Infection à la Covid,40 - Landes,40,Landes,4,25 à 34 ans,8,40 - Landes_22000_2021,M
Départements,Homme,12/31/2021,22000-Infection à la Covid-19,22000,Infection à la Covid,50 - Manche,50,Manche,4,25 à 34 ans,21,50 - Manche_22000_2021,M
Départements,Homme,12/31/2021,22000-Infection à la Covid-19,22000,Infection à la Covid,69 - Rhône,69,Rhône,4,25 à 34 ans,161,69 - Rhône_22000_2021,M
Départements,Femme,12/31/2022,22000-Infection à la Covid-19,22000,Infection à la Covid,83 - Var,83,Var,5,35 à 44 ans,72,83 - Var_22000_2022,M
Départements,Femme,12/31/2021,22000-Infection à la Covid-19,22000,Infection à la Covid,10 - Aube,10,Aube,5,35 à 44 ans,32,10 - Aube_22000_2021,M
Départements,Homme,12/31/2020,22000-Infection à la Covid-19,22000,Infection à la Covid,08 - Ardennes,8,Ardennes,5,35 à 44 ans,17,08 - Ardennes_22000_2020,M
Départements,Homme,12/31/2021,22000-Infection à la Covid-19,22000,Infection à la Covid,82 - Tarn-et-Garonne,82,Tarn-et-Garonne,5,35 à 44 ans,47,82 - Tarn-et-Garonne_22000_2021,M
Départements,Homme,12/31/2022,22000-Infection à la Covid-19,22000,Infection à la Covid,64 - Pyrénées-Atlantiques,64,Pyrénées-Atlantiques,5,35 à 44 ans,37,64 - Pyrénées-Atlantiques_22000_2022,M
Départements,Homme,12/31/2020,22000-Infection à la Covid-19,22000,Infection à la Covid,12 - Aveyron,12,Aveyron,6,45 à 54 ans,28,12 - Aveyron_22000_2020,M
Départements,Femme,12/31/2022,22000-Infection à la Covid-19,22000,Infection à la Covid,972 - Martinique,972,Martinique,6,45 à 54 ans,144,972 - Martinique_22000_2022,M
Départements,Femme,12/31/2022,22000-Infection à la Covid-19,22000,Infection à la Covid,37 - Indre-et-Loire,37,Indre-et-Loire,6,45 à 54 ans,51,37 - Indre-et-Loire_22000_2022,M
Départements,Homme,12/31/2021,22000-Infection à la Covid-19,22000,Infection à la Covid,60 - Oise,60,Oise,7,55 à 64 ans,401,60 - Oise_22000_2021,M
Départements,Femme,12/31/2022,22000-Infection à la Covid-19,22000,Infection à la Covid,89 - Yonne,89,Yonne,7,55 à 64 ans,44,89 - Yonne_22000_2022,M
Départements,Homme,12/31/2020,22000-Infection à la Covid-19,22000,Infection à la Covid,95 - Val-d'Oise,95,Val-d'Oise,7,55 à 64 ans,896,95 - Val-d'Oise_22000_2020,M
Départements,Femme,12/31/2020,22000-Infection à la Covid-19,22000,Infection à la Covid,2B - Haute-Corse,,Haute-Corse,7,55 à 64 ans,20,2B - Haute-Corse_22000_2020,M
Départements,Femme,12/31/2022,22000-Infection à la Covid-19,22000,Infection à la Covid,27 - Eure,27,Eure,8,65 à 74 ans,107,27 - Eure_22000_2022,M
Départements,Homme,12/31/2021,22000-Infection à la Covid-19,22000,Infection à la Covid,94 - Val-de-Marne,94,Val-de-Marne,8,65 à 74 ans,890,94 - Val-de-Marne_22000_2021,M
Départements,Homme,12/31/2022,22000-Infection à la Covid-19,22000,Infection à la Covid,37 - Indre-et-Loire,37,Indre-et-Loire,8,65 à 74 ans,205,37 - Indre-et-Loire_22000_2022,M
Départements,Femme,12/31/2022,22000-Infection à la Covid-19,22000,Infection à la Covid,11 - Aude,11,Aude,9,75 à 84 ans,133,11 - Aude_22000_2022,M
Départements,Homme,12/31/2020,22000-Infection à la Covid-19,22000,Infection à la Covid,42 - Loire,42,Loire,9,75 à 84 ans,657,42 - Loire_22000_2020,M
Départements,Homme,12/31/2021,22000-Infection à la Covid-19,22000,Infection à la Covid,68 - Haut-Rhin,68,Haut-Rhin,9,75 à 84 ans,290,68 - Haut-Rhin_22000_2021,M
Départements,Homme,12/31/2021,22000-Infection à la Covid-19,22000,Infection à la Covid,43 - Haute-Loire,43,Haute-Loire,9,75 à 84 ans,126,43 - Haute-Loire_22000_2021,M
Départements,Femme,12/31/2020,22000-Infection à la Covid-19,22000,Infection à la Covid,89 - Yonne,89,Yonne,10,85 ans et plus,188,89 - Yonne_22000_2020,M
Départements,Homme,12/31/2020,22000-Infection à la Covid-19,22000,Infection à la Covid,14 - Calvados,14,Calvados,10,85 ans et plus,89,14 - Calvados_22000_2020,M
Départements,Homme,12/31/2020,22000-Infection à la Covid-19,22000,Infection à la Covid,52 - Haute-Marne,52,Haute-Marne,10,85 ans et plus,91,52 - Haute-Marne_22000_2020,M
Départements,Homme,12/31/2021,22000-Infection à la Covid-19,22000,Infection à la Covid,63 - Puy-de-Dôme,63,Puy-de-Dôme,10,85 ans et plus,167,63 - Puy-de-Dôme_22000_2021,M
Départements,Homme,12/31/2021,22000-Infection à la Covid-19,22000,Infection à la Covid,61 - Orne,61,Orne,0,Moins d'un an,0,61 - Orne_22000_2021,M
Départements,Femme,12/31/2022,22000-Infection à la Covid-19,22000,Infection à la Covid,86 - Vienne,86,Vienne,0,Moins d'un an,33,86 - Vienne_22000_2022,M
Départements,Femme,12/31/2020,22000-Infection à la Covid-19,22000,Infection à la Covid,56 - Morbihan,56,Morbihan,0,Moins d'un an,0,56 - Morbihan_22000_2020,M
Départements,Femme,12/31/2021,22000-Infection à la Covid-19,22000,Infection à la Covid,78 - Yvelines,78,Yvelines,0,Moins d'un an,49,78 - Yvelines_22000_2021,M
Départements,Femme,12/31/2021,22000-Infection à la Covid-19,22000,Infection à la Covid,972 - Martinique,972,Martinique,0,Moins d'un an,9,972 - Martinique_22000_2021,M
Départements,Homme,12/31/2020,22000-Infection à la Covid-19,22000,Infection à la Covid,87 - Haute-Vienne,87,Haute-Vienne,0,Moins d'un an,0,87 - Haute-Vienne_22000_2020,M
Départements,Femme,12/31/2022,22000-Infection à la Covid-19,22000,Infection à la Covid,87 - Haute-Vienne,87,Haute-Vienne,0,Moins d'un an,40,87 - Haute-Vienne_22000_2022,M
Départements,Homme,12/31/2020,22000-Infection à la Covid-19,22000,Infection à la Covid,92 - Hauts-de-Seine,92,Hauts-de-Seine,0,Moins d'un an,10,92 - Hauts-de-Seine_22000_2020,M
Départements,Femme,12/31/2022,22000-Infection à la Covid-19,22000,Infection à la Covid,44 - Loire-Atlantique,44,Loire-Atlantique,0,Moins d'un an,85,44 - Loire-Atlantique_22000_2022,M
Départements,Homme,12/31/2021,22000-Infection à la Covid-19,22000,Infection à la Covid,93 - Seine-Saint-Denis,93,Seine-Saint-Denis,0,Moins d'un an,70,93 - Seine-Saint-Denis_22000_2021,M
Départements,Homme,12/31/2022,22000-Infection à la Covid-19,22000,Infection à la Covid,04 - Alpes-de-Haute-Provence,4,Alpes-de-Haute-Provence,0,Moins d'un an,10,04 - Alpes-de-Haute-Provence_22000_2022,M
Départements,Femme,12/31/2020,22000-Infection à la Covid-19,22000,Infection à la Covid,10 - Aube,10,Aube,1,1 à 4 ans,0,10 - Aube_22000_2020,M
Départements,Homme,12/31/2020,22000-Infection à la Covid-19,22000,Infection à la Covid,11 - Aude,11,Aude,1,1 à 4 ans,0,11 - Aude_22000_2020,M
Départements,Femme,12/31/2020,22000-Infection à la Covid-19,22000,Infection à la Covid,30 - Gard,30,Gard,1,1 à 4 ans,0,30 - Gard_22000_2020,M
Départements,Femme,12/31/2021,22000-Infection à la Covid-19,22000,Infection à la Covid,91 - Essonne,91,Essonne,1,1 à 4 ans,10,91 - Essonne_22000_2021,M
Départements,Femme,12/31/2022,22000-Infection à la Covid-19,22000,Infection à la Covid,68 - Haut-Rhin,68,Haut-Rhin,1,1 à 4 ans,31,68 - Haut-Rhin_22000_2022,M
Départements,Homme,12/31/2021,22000-Infection à la Covid-19,22000,Infection à la Covid,47 - Lot-et-Garonne,47,Lot-et-Garonne,1,1 à 4 ans,0,47 - Lot-et-Garonne_22000_2021,M
Départements,Femme,12/31/2020,22000-Infection à la Covid-19,22000,Infection à la Covid,18 - Cher,18,Cher,2,5 à 14 ans,0,18 - Cher_22000_2020,M
Départements,Homme,12/31/2022,22000-Infection à la Covid-19,22000,Infection à la Covid,23 - Creuse,23,Creuse,2,5 à 14 ans,7,23 - Creuse_22000_2022,M
Départements,Femme,12/31/2021,22000-Infection à la Covid-19,22000,Infection à la Covid,58 - Nièvre,58,Nièvre,2,5 à 14 ans,0,58 - Nièvre_22000_2021,M
Départements,Femme,12/31/2022,22000-Infection à la Covid-19,22000,Infection à la Covid,16 - Charente,16,Charente,2,5 à 14 ans,0,16 - Charente_22000_2022,M
Départements,Femme,12/31/2020,22000-Infection à la Covid-19,22000,Infection à la Covid,22 - Côtes-d'Armor,22,Côtes-d'Armor,2,5 à 14 ans,0,22 - Côtes-d'Armor_22000_2020,M
Départements,Femme,12/31/2022,22000-Infection à la Covid-19,22000,Infection à la Covid,71 - Saône-et-Loire,71,Saône-et-Loire,2,5 à 14 ans,13,71 - Saône-et-Loire_22000_2022,M
Départements,Femme,12/31/2020,22000-Infection à la Covid-19,22000,Infection à la Covid,46 - Lot,46,Lot,3,15 à 24 ans,0,46 - Lot_22000_2020,M
Départements,Femme,12/31/2022,22000-Infection à la Covid-19,22000,Infection à la Covid,36 - Indre,36,Indre,3,15 à 24 ans,3,36 - Indre_22000_2022,M
Départements,Femme,12/31/2020,22000-Infection à la Covid-19,22000,Infection à la Covid,12 - Aveyron,12,Aveyron,3,15 à 24 ans,6,12 - Aveyron_22000_2020,M
Départements,Femme,12/31/2021,22000-Infection à la Covid-19,22000,Infection à la Covid,48 - Lozère,48,Lozère,3,15 à 24 ans,0,48 - Lozère_22000_2021,M
Départements,Homme,12/31/2020,22000-Infection à la Covid-19,22000,Infection à la Covid,76 - Seine-Maritime,76,Seine-Maritime,3,15 à 24 ans,41,76 - Seine-Maritime_22000_2020,M
Départements,Femme,12/31/2022,22000-Infection à la Covid-19,22000,Infection à la Covid,93 - Seine-Saint-Denis,93,Seine-Saint-Denis,3,15 à 24 ans,37,93 - Seine-Saint-Denis_22000_2022,M
Départements,Femme,12/31/2020,22000-Infection à la Covid-19,22000,Infection à la Covid,18 - Cher,18,Cher,4,25 à 34 ans,0,18 - Cher_22000_2020,M
Départements,Femme,12/31/2020,22000-Infection à la Covid-19,22000,Infection à la Covid,23 - Creuse,23,Creuse,4,25 à 34 ans,7,23 - Creuse_22000_2020,M
Départements,Femme,12/31/2022,22000-Infection à la Covid-19,22000,Infection à la Covid,17 - Charente-Maritime,17,Charente-Maritime,4,25 à 34 ans,30,17 - Charente-Maritime_22000_2022,M
Départements,Homme,12/31/2022,22000-Infection à la Covid-19,22000,Infection à la Covid,64 - Pyrénées-Atlantiques,64,Pyrénées-Atlantiques,4,25 à 34 ans,24,64 - Pyrénées-Atlantiques_22000_2022,M
Départements,Femme,12/31/2022,22000-Infection à la Covid-19,22000,Infection à la Covid,40 - Landes,40,Landes,5,35 à 44 ans,15,40 - Landes_22000_2022,M
Départements,Homme,12/31/2022,22000-Infection à la Covid-19,22000,Infection à la Covid,57 - Moselle,57,Moselle,5,35 à 44 ans,54,57 - Moselle_22000_2022,M
Départements,Homme,12/31/2020,22000-Infection à la Covid-19,22000,Infection à la Covid,47 - Lot-et-Garonne,47,Lot-et-Garonne,5,35 à 44 ans,13,47 - Lot-et-Garonne_22000_2020,M
Départements,Femme,12/31/2021,22000-Infection à la Covid-19,22000,Infection à la Covid,06 - Alpes-Maritimes,6,Alpes-Maritimes,5,35 à 44 ans,182,06 - Alpes-Maritimes_22000_2021,M
Départements,Homme,12/31/2020,22000-Infection à la Covid-19,22000,Infection à la Covid,04 - Alpes-de-Haute-Provence,4,Alpes-de-Haute-Provence,5,35 à 44 ans,14,04 - Alpes-de-Haute-Provence_22000_2020,M
Départements,Homme,12/31/2020,22000-Infection à la Covid-19,22000,Infection à la Covid,10 - Aube,10,Aube,6,45 à 54 ans,48,10 - Aube_22000_2020,M
Départements,Homme,12/31/2022,22000-Infection à la Covid-19,22000,Infection à la Covid,75 - Paris,75,Paris,6,45 à 54 ans,138,75 - Paris_22000_2022,M
Départements,Femme,12/31/2021,22000-Infection à la Covid-19,22000,Infection à la Covid,69 - Rhône,69,Rhône,6,45 à 54 ans,493,69 - Rhône_22000_2021,M
Départements,Homme,12/31/2022,22000-Infection à la Covid-19,22000,Infection à la Covid,14 - Calvados,14,Calvados,6,45 à 54 ans,59,14 - Calvados_22000_2022,M
Départements,Femme,12/31/2020,22000-Infection à la Covid-19,22000,Infection à la Covid,63 - Puy-de-Dôme,63,Puy-de-Dôme,6,45 à 54 ans,64,63 - Puy-de-Dôme_22000_2020,M
Départements,Homme,12/31/2020,22000-Infection à la Covid-19,22000,Infection à la Covid,31 - Haute-Garonne,31,Haute-Garonne,6,45 à 54 ans,187,31 - Haute-Garonne_22000_2020,M
Départements,Femme,12/31/2022,22000-Infection à la Covid-19,22000,Infection à la Covid,13 - Bouches-du-Rhône,13,Bouches-du-Rhône,6,45 à 54 ans,258,13 - Bouches-du-Rhône_22000_2022,M
Départements,Homme,12/31/2021,22000-Infection à la Covid-19,22000,Infection à la Covid,50 - Manche,50,Manche,7,55 à 64 ans,94,50 - Manche_22000_2021,M
Départements,Homme,12/31/2020,22000-Infection à la Covid-19,22000,Infection à la Covid,69 - Rhône,69,Rhône,7,55 à 64 ans,800,69 - Rhône_22000_2020,M
Départements,Femme,12/31/2020,22000-Infection à la Covid-19,22000,Infection à la Covid,29 - Finistère,29,Finistère,7,55 à 64 ans,37,29 - Finistère_22000_2020,M
Départements,Homme,12/31/2022,22000-Infection à la Covid-19,22000,Infection à la Covid,44 - Loire-Atlantique,44,Loire-Atlantique,7,55 à 64 ans,117,44 - Loire-Atlantique_22000_2022,M
Départements,Homme,12/31/2020,22000-Infection à la Covid-19,22000,Infection à la Covid,10 - Aube,10,Aube,8,65 à 74 ans,157,10 - Aube_22000_2020,M
Départements,Femme,12/31/2022,22000-Infection à la Covid-19,22000,Infection à la Covid,30 - Gard,30,Gard,8,65 à 74 ans,153,30 - Gard_22000_2022,M
Départements,Homme,12/31/2020,22000-Infection à la Covid-19,22000,Infection à la Covid,32 - Gers,32,Gers,8,65 à 74 ans,55,32 - Gers_22000_2020,M
Départements,Femme,12/31/2021,22000-Infection à la Covid-19,22000,Infection à la Covid,03 - Allier,3,Allier,8,65 à 74 ans,83,03 - Allier_22000_2021,M
Départements,Femme,12/31/2020,22000-Infection à la Covid-19,22000,Infection à la Covid,12 - Aveyron,12,Aveyron,8,65 à 74 ans,42,12 - Aveyron_22000_2020,M
Départements,Femme,12/31/2021,22000-Infection à la Covid-19,22000,Infection à la Covid,57 - Moselle,57,Moselle,8,65 à 74 ans,456,57 - Moselle_22000_2021,M
Départements,Femme,12/31/2020,22000-Infection à la Covid-19,22000,Infection à la Covid,94 - Val-de-Marne,94,Val-de-Marne,8,65 à 74 ans,519,94 - Val-de-Marne_22000_2020,M
Départements,Femme,12/31/2021,22000-Infection à la Covid-19,22000,Infection à la Covid,77 - Seine-et-Marne,77,Seine-et-Marne,8,65 à 74 ans,531,77 - Seine-et-Marne_22000_2021,M
Départements,Femme,12/31/2022,22000-Infection à la Covid-19,22000,Infection à la Covid,13 - Bouches-du-Rhône,13,Bouches-du-Rhône,8,65 à 74 ans,625,13 - Bouches-du-Rhône_22000_2022,M
Départements,Homme,12/31/2022,22000-Infection à la Covid-19,22000,Infection à la Covid,04 - Alpes-de-Haute-Provence,4,Alpes-de-Haute-Provence,8,65 à 74 ans,102,04 - Alpes-de-Haute-Provence_22000_2022,M
Départements,Homme,12/31/2020,22000-Infection à la Covid-19,22000,Infection à la Covid,27 - Eure,27,Eure,9,75 à 84 ans,198,27 - Eure_22000_2020,M
Départements,Homme,12/31/2020,22000-Infection à la Covid-19,22000,Infection à la Covid,60 - Oise,60,Oise,9,75 à 84 ans,327,60 - Oise_22000_2020,M
Départements,Homme,12/31/2022,22000-Infection à la Covid-19,22000,Infection à la Covid,36 - Indre,36,Indre,9,75 à 84 ans,85,36 - Indre_22000_2022,M
Départements,Femme,12/31/2022,22000-Infection à la Covid-19,22000,Infection à la Covid,55 - Meuse,55,Meuse,9,75 à 84 ans,85,55 - Meuse_22000_2022,M
Départements,Femme,12/31/2021,22000-Infection à la Covid-19,22000,Infection à la Covid,80 - Somme,80,Somme,9,75 à 84 ans,230,80 - Somme_22000_2021,M
Départements,Femme,12/31/2020,22000-Infection à la Covid-19,22000,Infection à la Covid,78 - Yvelines,78,Yvelines,9,75 à 84 ans,509,78 - Yvelines_22000_2020,M
Départements,Homme,12/31/2020,22000-Infection à la Covid-19,22000,Infection à la Covid,41 - Loir-et-Cher,41,Loir-et-Cher,9,75 à 84 ans,109,41 - Loir-et-Cher_22000_2020,M
Départements,Homme,12/31/2022,22000-Infection à la Covid-19,22000,Infection à la Covid,31 - Haute-Garonne,31,Haute-Garonne,9,75 à 84 ans,443,31 - Haute-Garonne_22000_2022,M
Départements,Homme,12/31/2022,22000-Infection à la Covid-19,22000,Infection à la Covid,44 - Loire-Atlantique,44,Loire-Atlantique,9,75 à 84 ans,358,44 - Loire-Atlantique_22000_2022,M
Départements,Femme,12/31/2021,22000-Infection à la Covid-19,22000,Infection à la Covid,01 - Ain,1,Ain,10,85 ans et plus,247,01 - Ain_22000_2021,M
Départements,Homme,12/31/2020,22000-Infection à la Covid-19,22000,Infection à la Covid,02 - Aisne,2,Aisne,10,85 ans et plus,263,02 - Aisne_22000_2020,M
Départements,Homme,12/31/2020,22000-Infection à la Covid-19,22000,Infection à la Covid,12 - Aveyron,12,Aveyron,10,85 ans et plus,90,12 - Aveyron_22000_2020,M
Départements,Homme,12/31/2021,22000-Infection à la Covid-19,22000,Infection à la Covid,57 - Moselle,57,Moselle,10,85 ans et plus,372,57 - Moselle_22000_2021,M
Départements,Femme,12/31/2020,22000-Infection à la Covid-19,22000,Infection à la Covid,973 - Guyane,973,Guyane,10,85 ans et plus,9,973 - Guyane_22000_2020,M
Départements,Femme,12/31/2021,22000-Infection à la Covid-19,22000,Infection à la Covid,67 - Bas-Rhin,67,Bas-Rhin,10,85 ans et plus,479,67 - Bas-Rhin_22000_2021,M
Départements,Homme,12/31/2021,22000-Infection à la Covid-19,22000,Infection à la Covid,971 - Guadeloupe,971,Guadeloupe,10,85 ans et plus,114,971 - Guadeloupe_22000_2021,M
Départements,Homme,12/31/2022,22000-Infection à la Covid-19,22000,Infection à la Covid,63 - Puy-de-Dôme,63,Puy-de-Dôme,10,85 ans et plus,277,63 - Puy-de-Dôme_22000_2022,M
Départements,Femme,12/31/2021,22000-Infection à la Covid-19,22000,Infection à la Covid,74 - Haute-Savoie,74,Haute-Savoie,10,85 ans et plus,273,74 - Haute-Savoie_22000_2021,M
Départements,Homme,12/31/2021,22000-Infection à la Covid-19,22000,Infection à la Covid,86 - Vienne,86,Vienne,0,Moins d'un an,8,86 - Vienne_22000_2021,M
Départements,Homme,12/31/2021,22000-Infection à la Covid-19,22000,Infection à la Covid,33 - Gironde,33,Gironde,0,Moins d'un an,36,33 - Gironde_22000_2021,M
Départements,Homme,12/31/2021,22000-Infection à la Covid-19,22000,Infection à la Covid,53 - Mayenne,53,Mayenne,0,Moins d'un an,0,53 - Mayenne_22000_2021,M
Départements,Homme,12/31/2021,22000-Infection à la Covid-19,22000,Infection à la Covid,78 - Yvelines,78,Yvelines,0,Moins d'un an,41,78 - Yvelines_22000_2021,M
Départements,Homme,12/31/2020,22000-Infection à la Covid-19,22000,Infection à la Covid,976 - Mayotte,976,Mayotte,0,Moins d'un an,0,976 - Mayotte_22000_2020,M
Départements,Femme,12/31/2020,22000-Infection à la Covid-19,22000,Infection à la Covid,41 - Loir-et-Cher,41,Loir-et-Cher,0,Moins d'un an,0,41 - Loir-et-Cher_22000_2020,M
Départements,Femme,12/31/2020,22000-Infection à la Covid-19,22000,Infection à la Covid,22 - Côtes-d'Armor,22,Côtes-d'Armor,0,Moins d'un an,0,22 - Côtes-d'Armor_22000_2020,M
Départements,Femme,12/31/2021,22000-Infection à la Covid-19,22000,Infection à la Covid,81 - Tarn,81,Tarn,1,1 à 4 ans,0,81 - Tarn_22000_2021,M
Départements,Homme,12/31/2022,22000-Infection à la Covid-19,22000,Infection à la Covid,36 - Indre,36,Indre,1,1 à 4 ans,13,36 - Indre_22000_2022,M
Départements,Femme,12/31/2022,22000-Infection à la Covid-19,22000,Infection à la Covid,29 - Finistère,29,Finistère,1,1 à 4 ans,27,29 - Finistère_22000_2022,M
Départements,Femme,12/31/2020,22000-Infection à la Covid-19,22000,Infection à la Covid,972 - Martinique,972,Martinique,1,1 à 4 ans,0,972 - Martinique_22000_2020,M
Départements,Femme,12/31/2020,22000-Infection à la Covid-19,22000,Infection à la Covid,44 - Loire-Atlantique,44,Loire-Atlantique,1,1 à 4 ans,0,44 - Loire-Atlantique_22000_2020,M
Départements,Femme,12/31/2022,22000-Infection à la Covid-19,22000,Infection à la Covid,46 - Lot,46,Lot,2,5 à 14 ans,0,46 - Lot_22000_2022,M
Départements,Femme,12/31/2021,22000-Infection à la Covid-19,22000,Infection à la Covid,55 - Meuse,55,Meuse,2,5 à 14 ans,0,55 - Meuse_22000_2021,M
Départements,Femme,12/31/2022,22000-Infection à la Covid-19,22000,Infection à la Covid,12 - Aveyron,12,Aveyron,2,5 à 14 ans,4,12 - Aveyron_22000_2022,M
Départements,Femme,12/31/2022,22000-Infection à la Covid-19,22000,Infection à la Covid,58 - Nièvre,58,Nièvre,2,5 à 14 ans,0,58 - Nièvre_22000_2022,M
Départements,Femme,12/31/2021,22000-Infection à la Covid-19,22000,Infection à la Covid,91 - Essonne,91,Essonne,2,5 à 14 ans,7,91 - Essonne_22000_2021,M
Départements,Homme,12/31/2021,22000-Infection à la Covid-19,22000,Infection à la Covid,976 - Mayotte,976,Mayotte,2,5 à 14 ans,0,976 - Mayotte_22000_2021,M
Départements,Homme,12/31/2021,22000-Infection à la Covid-19,22000,Infection à la Covid,21 - Côte-d'Or,21,Côte-d'Or,2,5 à 14 ans,0,21 - Côte-d'Or_22000_2021,M
Départements,Homme,12/31/2021,22000-Infection à la Covid-19,22000,Infection à la Covid,62 - Pas-de-Calais,62,Pas-de-Calais,2,5 à 14 ans,8,62 - Pas-de-Calais_22000_2021,M
Départements,Homme,12/31/2021,22000-Infection à la Covid-19,22000,Infection à la Covid,35 - Ille-et-Vilaine,35,Ille-et-Vilaine,2,5 à 14 ans,3,35 - Ille-et-Vilaine_22000_2021,M
Départements,Homme,12/31/2022,22000-Infection à la Covid-19,22000,Infection à la Covid,35 - Ille-et-Vilaine,35,Ille-et-Vilaine,2,5 à 14 ans,18,35 - Ille-et-Vilaine_22000_2022,M
Départements,Homme,12/31/2020,22000-Infection à la Covid-19,22000,Infection à la Covid,01 - Ain,1,Ain,3,15 à 24 ans,7,01 - Ain_22000_2020,M
Départements,Homme,12/31/2020,22000-Infection à la Covid-19,22000,Infection à la Covid,59 - Nord,59,Nord,3,15 à 24 ans,110,59 - Nord_22000_2020,M
Départements,Femme,12/31/2020,22000-Infection à la Covid-19,22000,Infection à la Covid,75 - Paris,75,Paris,3,15 à 24 ans,91,75 - Paris_22000_2020,M
Départements,Femme,12/31/2022,22000-Infection à la Covid-19,22000,Infection à la Covid,26 - Drôme,26,Drôme,3,15 à 24 ans,10,26 - Drôme_22000_2022,M
Départements,Homme,12/31/2021,22000-Infection à la Covid-19,22000,Infection à la Covid,45 - Loiret,45,Loiret,3,15 à 24 ans,11,45 - Loiret_22000_2021,M
Départements,Homme,12/31/2021,22000-Infection à la Covid-19,22000,Infection à la Covid,69 - Rhône,69,Rhône,3,15 à 24 ans,46,69 - Rhône_22000_2021,M
Départements,Femme,12/31/2020,22000-Infection à la Covid-19,22000,Infection à la Covid,91 - Essonne,91,Essonne,3,15 à 24 ans,47,91 - Essonne_22000_2020,M
Départements,Homme,12/31/2022,22000-Infection à la Covid-19,22000,Infection à la Covid,87 - Haute-Vienne,87,Haute-Vienne,3,15 à 24 ans,5,87 - Haute-Vienne_22000_2022,M
Départements,Homme,12/31/2021,22000-Infection à la Covid-19,22000,Infection à la Covid,49 - Maine-et-Loire,49,Maine-et-Loire,3,15 à 24 ans,10,49 - Maine-et-Loire_22000_2021,M
Départements,Femme,12/31/2022,22000-Infection à la Covid-19,22000,Infection à la Covid,66 - Pyrénées-Orientales,66,Pyrénées-Orientales,3,15 à 24 ans,3,66 - Pyrénées-Orientales_22000_2022,M
Départements,Homme,12/31/2021,22000-Infection à la Covid-19,22000,Infection à la Covid,39 - Jura,39,Jura,4,25 à 34 ans,10,39 - Jura_22000_2021,M
Départements,Homme,12/31/2021,22000-Infection à la Covid-19,22000,Infection à la Covid,26 - Drôme,26,Drôme,4,25 à 34 ans,28,26 - Drôme_22000_2021,M
Départements,Homme,12/31/2022,22000-Infection à la Covid-19,22000,Infection à la Covid,88 - Vosges,88,Vosges,4,25 à 34 ans,18,88 - Vosges_22000_2022,M
Départements,Femme,12/31/2020,22000-Infection à la Covid-19,22000,Infection à la Covid,48 - Lozère,48,Lozère,4,25 à 34 ans,0,48 - Lozère_22000_2020,M
Départements,Femme,12/31/2022,22000-Infection à la Covid-19,22000,Infection à la Covid,62 - Pas-de-Calais,62,Pas-de-Calais,4,25 à 34 ans,105,62 - Pas-de-Calais_22000_2022,M
Départements,Homme,12/31/2020,22000-Infection à la Covid-19,22000,Infection à la Covid,18 - Cher,18,Cher,5,35 à 44 ans,13,18 - Cher_22000_2020,M
Départements,Femme,12/31/2022,22000-Infection à la Covid-19,22000,Infection à la Covid,25 - Doubs,25,Doubs,5,35 à 44 ans,26,25 - Doubs_22000_2022,M
Départements,Homme,12/31/2021,22000-Infection à la Covid-19,22000,Infection à la Covid,89 - Yonne,89,Yonne,5,35 à 44 ans,35,89 - Yonne_22000_2021,M
Départements,Homme,12/31/2022,22000-Infection à la Covid-19,22000,Infection à la Covid,972 - Martinique,972,Martinique,5,35 à 44 ans,66,972 - Martinique_22000_2022,M
Départements,Homme,12/31/2021,22000-Infection à la Covid-19,22000,Infection à la Covid,94 - Val-de-Marne,94,Val-de-Marne,5,35 à 44 ans,476,94 - Val-de-Marne_22000_2021,M
Départements,Femme,12/31/2021,22000-Infection à la Covid-19,22000,Infection à la Covid,71 - Saône-et-Loire,71,Saône-et-Loire,5,35 à 44 ans,47,71 - Saône-et-Loire_22000_2021,M
Départements,Femme,12/31/2022,22000-Infection à la Covid-19,22000,Infection à la Covid,88 - Vosges,88,Vosges,6,45 à 54 ans,40,88 - Vosges_22000_2022,M
Départements,Femme,12/31/2020,22000-Infection à la Covid-19,22000,Infection à la Covid,91 - Essonne,91,Essonne,6,45 à 54 ans,288,91 - Essonne_22000_2020,M
Départements,Femme,12/31/2021,22000-Infection à la Covid-19,22000,Infection à la Covid,19 - Corrèze,19,Corrèze,6,45 à 54 ans,43,19 - Corrèze_22000_2021,M
Départements,Homme,12/31/2021,22000-Infection à la Covid-19,22000,Infection à la Covid,35 - Ille-et-Vilaine,35,Ille-et-Vilaine,6,45 à 54 ans,175,35 - Ille-et-Vilaine_22000_2021,M
Départements,Homme,12/31/2021,22000-Infection à la Covid-19,22000,Infection à la Covid,80 - Somme,80,Somme,7,55 à 64 ans,236,80 - Somme_22000_2021,M
Départements,Femme,12/31/2021,22000-Infection à la Covid-19,22000,Infection à la Covid,45 - Loiret,45,Loiret,7,55 à 64 ans,121,45 - Loiret_22000_2021,M
Départements,Femme,12/31/2021,22000-Infection à la Covid-19,22000,Infection à la Covid,08 - Ardennes,8,Ardennes,7,55 à 64 ans,54,08 - Ardennes_22000_2021,M
Départements,Homme,12/31/2020,22000-Infection à la Covid-19,22000,Infection à la Covid,34 - Hérault,34,Hérault,7,55 à 64 ans,230,34 - Hérault_22000_2020,M
Départements,Femme,12/31/2021,22000-Infection à la Covid-19,22000,Infection à la Covid,04 - Alpes-de-Haute-Provence,4,Alpes-de-Haute-Provence,7,55 à 64 ans,85,04 - Alpes-de-Haute-Provence_22000_2021,M
Départements,Homme,12/31/2021,22000-Infection à la Covid-19,22000,Infection à la Covid,25 - Doubs,25,Doubs,8,65 à 74 ans,269,25 - Doubs_22000_2021,M
Départements,Femme,12/31/2020,22000-Infection à la Covid-19,22000,Infection à la Covid,51 - Marne,51,Marne,8,65 à 74 ans,175,51 - Marne_22000_2020,M
Départements,Homme,12/31/2022,22000-Infection à la Covid-19,22000,Infection à la Covid,55 - Meuse,55,Meuse,8,65 à 74 ans,60,55 - Meuse_22000_2022,M
Départements,Homme,12/31/2021,22000-Infection à la Covid-19,22000,Infection à la Covid,976 - Mayotte,976,Mayotte,8,65 à 74 ans,91,976 - Mayotte_22000_2021,M
Départements,Femme,12/31/2021,22000-Infection à la Covid-19,22000,Infection à la Covid,84 - Vaucluse,84,Vaucluse,9,75 à 84 ans,271,84 - Vaucluse_22000_2021,M
Départements,Femme,12/31/2022,22000-Infection à la Covid-19,22000,Infection à la Covid,976 - Mayotte,976,Mayotte,9,75 à 84 ans,5,976 - Mayotte_22000_2022,M
Départements,Homme,12/31/2022,22000-Infection à la Covid-19,22000,Infection à la Covid,22 - Côtes-d'Armor,22,Côtes-d'Armor,9,75 à 84 ans,330,22 - Côtes-d'Armor_22000_2022,M
Départements,Femme,12/31/2021,22000-Infection à la Covid-19,22000,Infection à la Covid,11 - Aude,11,Aude,10,85 ans et plus,167,11 - Aude_22000_2021,M
Départements,Homme,12/31/2021,22000-Infection à la Covid-19,22000,Infection à la Covid,27 - Eure,27,Eure,10,85 ans et plus,122,27 - Eure_22000_2021,M
Départements,Femme,12/31/2022,22000-Infection à la Covid-19,22000,Infection à la Covid,09 - Ariège,9,Ariège,10,85 ans et plus,104,09 - Ariège_22000_2022,M
Départements,Homme,12/31/2021,22000-Infection à la Covid-19,22000,Infection à la Covid,16 - Charente,16,Charente,10,85 ans et plus,67,16 - Charente_22000_2021,M
Départements,Homme,12/31/2021,22000-Infection à la Covid-19,22000,Infection à la Covid,35 - Ille-et-Vilaine,35,Ille-et-Vilaine,10,85 ans et plus,239,35 - Ille-et-Vilaine_22000_2021,M
Départements,Homme,12/31/2022,22000-Infection à la Covid-19,22000,Infection à la Covid,71 - Saône-et-Loire,71,Saône-et-Loire,10,85 ans et plus,365,71 - Saône-et-Loire_22000_2022,M
Départements,Femme,12/31/2022,22000-Infection à la Covid-19,22000,Infection à la Covid,21 - Côte-d'Or,21,Côte-d'Or,1,1 à 4 ans,10,21 - Côte-d'Or_22000_2022,M
Départements,Femme,12/31/2020,22000-Infection à la Covid-19,22000,Infection à la Covid,2B - Haute-Corse,,Haute-Corse,1,1 à 4 ans,0,2B - Haute-Corse_22000_2020,M
Départements,Femme,12/31/2020,22000-Infection à la Covid-19,22000,Infection à la Covid,46 - Lot,46,Lot,2,5 à 14 ans,0,46 - Lot_22000_2020,M
Départements,Femme,12/31/2021,22000-Infection à la Covid-19,22000,Infection à la Covid,23 - Creuse,23,Creuse,2,5 à 14 ans,3,23 - Creuse_22000_2021,M
Départements,Femme,12/31/2022,22000-Infection à la Covid-19,22000,Infection à la Covid,72 - Sarthe,72,Sarthe,2,5 à 14 ans,9,72 - Sarthe_22000_2022,M
Départements,Homme,12/31/2020,22000-Infection à la Covid-19,22000,Infection à la Covid,57 - Moselle,57,Moselle,2,5 à 14 ans,0,57 - Moselle_22000_2020,M
Départements,Homme,12/31/2022,22000-Infection à la Covid-19,22000,Infection à la Covid,29 - Finistère,29,Finistère,2,5 à 14 ans,23,29 - Finistère_22000_2022,M
Départements,Homme,12/31/2021,22000-Infection à la Covid-19,22000,Infection à la Covid,43 - Haute-Loire,43,Haute-Loire,2,5 à 14 ans,0,43 - Haute-Loire_22000_2021,M
Départements,Femme,12/31/2020,22000-Infection à la Covid-19,22000,Infection à la Covid,74 - Haute-Savoie,74,Haute-Savoie,2,5 à 14 ans,5,74 - Haute-Savoie_22000_2020,M
Départements,Homme,12/31/2022,22000-Infection à la Covid-19,22000,Infection à la Covid,11 - Aude,11,Aude,3,15 à 24 ans,4,11 - Aude_22000_2022,M
Départements,Homme,12/31/2022,22000-Infection à la Covid-19,22000,Infection à la Covid,40 - Landes,40,Landes,3,15 à 24 ans,6,40 - Landes_22000_2022,M
Départements,Femme,12/31/2020,22000-Infection à la Covid-19,22000,Infection à la Covid,972 - Martinique,972,Martinique,3,15 à 24 ans,12,972 - Martinique_22000_2020,M
Départements,Femme,12/31/2022,22000-Infection à la Covid-19,22000,Infection à la Covid,74 - Haute-Savoie,74,Haute-Savoie,3,15 à 24 ans,18,74 - Haute-Savoie_22000_2022,M
Départements,Femme,12/31/2022,22000-Infection à la Covid-19,22000,Infection à la Covid,92 - Hauts-de-Seine,92,Hauts-de-Seine,3,15 à 24 ans,29,92 - Hauts-de-Seine_22000_2022,M
Départements,Femme,12/31/2021,22000-Infection à la Covid-19,22000,Infection à la Covid,71 - Saône-et-Loire,71,Saône-et-Loire,3,15 à 24 ans,14,71 - Saône-et-Loire_22000_2021,M
Départements,Homme,12/31/2020,22000-Infection à la Covid-19,22000,Infection à la Covid,10 - Aube,10,Aube,4,25 à 34 ans,6,10 - Aube_22000_2020,M
Départements,Homme,12/31/2021,22000-Infection à la Covid-19,22000,Infection à la Covid,45 - Loiret,45,Loiret,4,25 à 34 ans,28,45 - Loiret_22000_2021,M
Départements,Homme,12/31/2022,22000-Infection à la Covid-19,22000,Infection à la Covid,45 - Loiret,45,Loiret,4,25 à 34 ans,15,45 - Loiret_22000_2022,M
Départements,Femme,12/31/2022,22000-Infection à la Covid-19,22000,Infection à la Covid,85 - Vendée,85,Vendée,4,25 à 34 ans,32,85 - Vendée_22000_2022,M
Départements,Femme,12/31/2021,22000-Infection à la Covid-19,22000,Infection à la Covid,19 - Corrèze,19,Corrèze,4,25 à 34 ans,13,19 - Corrèze_22000_2021,M
Départements,Femme,12/31/2022,22000-Infection à la Covid-19,22000,Infection à la Covid,2A - Corse-du-Sud,,Corse-du-Sud,4,25 à 34 ans,6,2A - Corse-du-Sud_22000_2022,M
Départements,Femme,12/31/2022,22000-Infection à la Covid-19,22000,Infection à la Covid,54 - Meurthe-et-Moselle,54,Meurthe-et-Moselle,4,25 à 34 ans,39,54 - Meurthe-et-Moselle_22000_2022,M
Départements,Homme,12/31/2022,22000-Infection à la Covid-19,22000,Infection à la Covid,83 - Var,83,Var,5,35 à 44 ans,63,83 - Var_22000_2022,M
Départements,Femme,12/31/2020,22000-Infection à la Covid-19,22000,Infection à la Covid,30 - Gard,30,Gard,5,35 à 44 ans,38,30 - Gard_22000_2020,M
Départements,Femme,12/31/2020,22000-Infection à la Covid-19,22000,Infection à la Covid,39 - Jura,39,Jura,5,35 à 44 ans,30,39 - Jura_22000_2020,M
Départements,Femme,12/31/2021,22000-Infection à la Covid-19,22000,Infection à la Covid,25 - Doubs,25,Doubs,5,35 à 44 ans,51,25 - Doubs_22000_2021,M
Départements,Femme,12/31/2022,22000-Infection à la Covid-19,22000,Infection à la Covid,80 - Somme,80,Somme,5,35 à 44 ans,14,80 - Somme_22000_2022,M
Départements,Homme,12/31/2020,22000-Infection à la Covid-19,22000,Infection à la Covid,03 - Allier,3,Allier,5,35 à 44 ans,14,03 - Allier_22000_2020,M
Départements,Homme,12/31/2020,22000-Infection à la Covid-19,22000,Infection à la Covid,69 - Rhône,69,Rhône,5,35 à 44 ans,257,69 - Rhône_22000_2020,M
Départements,Femme,12/31/2021,22000-Infection à la Covid-19,22000,Infection à la Covid,88 - Vosges,88,Vosges,5,35 à 44 ans,42,88 - Vosges_22000_2021,M
Départements,Femme,12/31/2020,22000-Infection à la Covid-19,22000,Infection à la Covid,94 - Val-de-Marne,94,Val-de-Marne,5,35 à 44 ans,201,94 - Val-de-Marne_22000_2020,M
Départements,Femme,12/31/2020,22000-Infection à la Covid-19,22000,Infection à la Covid,75 - Paris,75,Paris,6,45 à 54 ans,472,75 - Paris_22000_2020,M
Départements,Homme,12/31/2022,22000-Infection à la Covid-19,22000,Infection à la Covid,89 - Yonne,89,Yonne,6,45 à 54 ans,23,89 - Yonne_22000_2022,M
Départements,Homme,12/31/2020,22000-Infection à la Covid-19,22000,Infection à la Covid,38 - Isère,38,Isère,6,45 à 54 ans,243,38 - Isère_22000_2020,M
Départements,Femme,12/31/2021,22000-Infection à la Covid-19,22000,Infection à la Covid,40 - Landes,40,Landes,6,45 à 54 ans,50,40 - Landes_22000_2021,M
Départements,Homme,12/31/2022,22000-Infection à la Covid-19,22000,Infection à la Covid,2A - Corse-du-Sud,,Corse-du-Sud,6,45 à 54 ans,20,2A - Corse-du-Sud_22000_2022,M
Départements,Femme,12/31/2020,22000-Infection à la Covid-19,22000,Infection à la Covid,37 - Indre-et-Loire,37,Indre-et-Loire,6,45 à 54 ans,45,37 - Indre-et-Loire_22000_2020,M
Départements,Homme,12/31/2020,22000-Infection à la Covid-19,22000,Infection à la Covid,11 - Aude,11,Aude,7,55 à 64 ans,70,11 - Aude_22000_2020,M
Départements,Homme,12/31/2021,22000-Infection à la Covid-19,22000,Infection à la Covid,27 - Eure,27,Eure,7,55 à 64 ans,235,27 - Eure_22000_2021,M
Départements,Femme,12/31/2022,22000-Infection à la Covid-19,22000,Infection à la Covid,15 - Cantal,15,Cantal,7,55 à 64 ans,20,15 - Cantal_22000_2022,M
Départements,Homme,12/31/2021,22000-Infection à la Covid-19,22000,Infection à la Covid,91 - Essonne,91,Essonne,7,55 à 64 ans,674,91 - Essonne_22000_2021,M
Départements,Femme,12/31/2020,22000-Infection à la Covid-19,22000,Infection à la Covid,973 - Guyane,973,Guyane,7,55 à 64 ans,81,973 - Guyane_22000_2020,M
Départements,Homme,12/31/2020,22000-Infection à la Covid-19,22000,Infection à la Covid,08 - Ardennes,8,Ardennes,7,55 à 64 ans,86,08 - Ardennes_22000_2020,M
Départements,Homme,12/31/2022,22000-Infection à la Covid-19,22000,Infection à la Covid,78 - Yvelines,78,Yvelines,7,55 à 64 ans,158,78 - Yvelines_22000_2022,M
Départements,Homme,12/31/2020,22000-Infection à la Covid-19,22000,Infection à la Covid,29 - Finistère,29,Finistère,7,55 à 64 ans,78,29 - Finistère_22000_2020,M
Départements,Femme,12/31/2020,22000-Infection à la Covid-19,22000,Infection à la Covid,71 - Saône-et-Loire,71,Saône-et-Loire,7,55 à 64 ans,139,71 - Saône-et-Loire_22000_2020,M
Départements,Femme,12/31/2021,22000-Infection à la Covid-19,22000,Infection à la Covid,13 - Bouches-du-Rhône,13,Bouches-du-Rhône,7,55 à 64 ans,2722,13 - Bouches-du-Rhône_22000_2021,M
Départements,Femme,12/31/2022,22000-Infection à la Covid-19,22000,Infection à la Covid,11 - Aude,11,Aude,8,65 à 74 ans,78,11 - Aude_22000_2022,M
Départements,Femme,12/31/2020,22000-Infection à la Covid-19,22000,Infection à la Covid,26 - Drôme,26,Drôme,8,65 à 74 ans,144,26 - Drôme_22000_2020,M
Départements,Homme,12/31/2022,22000-Infection à la Covid-19,22000,Infection à la Covid,58 - Nièvre,58,Nièvre,8,65 à 74 ans,93,58 - Nièvre_22000_2022,M
Départements,Homme,12/31/2022,22000-Infection à la Covid-19,22000,Infection à la Covid,05 - Hautes-Alpes,5,Hautes-Alpes,8,65 à 74 ans,61,05 - Hautes-Alpes_22000_2022,M
Départements,Homme,12/31/2021,22000-Infection à la Covid-19,22000,Infection à la Covid,17 - Charente-Maritime,17,Charente-Maritime,8,65 à 74 ans,172,17 - Charente-Maritime_22000_2021,M
Départements,Homme,12/31/2021,22000-Infection à la Covid-19,22000,Infection à la Covid,81 - Tarn,81,Tarn,9,75 à 84 ans,140,81 - Tarn_22000_2021,M
Départements,Femme,12/31/2022,22000-Infection à la Covid-19,22000,Infection à la Covid,73 - Savoie,73,Savoie,9,75 à 84 ans,204,73 - Savoie_22000_2022,M
Départements,Homme,12/31/2020,22000-Infection à la Covid-19,22000,Infection à la Covid,86 - Vienne,86,Vienne,9,75 à 84 ans,60,86 - Vienne_22000_2020,M
Départements,Femme,12/31/2020,22000-Infection à la Covid-19,22000,Infection à la Covid,57 - Moselle,57,Moselle,9,75 à 84 ans,604,57 - Moselle_22000_2020,M
Départements,Homme,12/31/2021,22000-Infection à la Covid-19,22000,Infection à la Covid,05 - Hautes-Alpes,5,Hautes-Alpes,9,75 à 84 ans,79,05 - Hautes-Alpes_22000_2021,M
Départements,Femme,12/31/2020,22000-Infection à la Covid-19,22000,Infection à la Covid,01 - Ain,1,Ain,0,Moins d'un an,6,01 - Ain_22000_2020,M
Départements,Femme,12/31/2022,22000-Infection à la Covid-19,22000,Infection à la Covid,30 - Gard,30,Gard,0,Moins d'un an,60,30 - Gard_22000_2022,M
Départements,Femme,12/31/2022,22000-Infection à la Covid-19,22000,Infection à la Covid,61 - Orne,61,Orne,0,Moins d'un an,46,61 - Orne_22000_2022,M
Départements,Femme,12/31/2022,22000-Infection à la Covid-19,22000,Infection à la Covid,50 - Manche,50,Manche,0,Moins d'un an,39,50 - Manche_22000_2022,M
Départements,Femme,12/31/2022,22000-Infection à la Covid-19,22000,Infection à la Covid,34 - Hérault,34,Hérault,0,Moins d'un an,83,34 - Hérault_22000_2022,M
Départements,Femme,12/31/2020,22000-Infection à la Covid-19,22000,Infection à la Covid,05 - Hautes-Alpes,5,Hautes-Alpes,0,Moins d'un an,0,05 - Hautes-Alpes_22000_2020,M
Départements,Homme,12/31/2020,22000-Infection à la Covid-19,22000,Infection à la Covid,04 - Alpes-de-Haute-Provence,4,Alpes-de-Haute-Provence,0,Moins d'un an,0,04 - Alpes-de-Haute-Provence_22000_2020,M
Départements,Homme,12/31/2021,22000-Infection à la Covid-19,22000,Infection à la Covid,86 - Vienne,86,Vienne,10,85 ans et plus,107,86 - Vienne_22000_2021,M
Départements,Homme,12/31/2022,22000-Infection à la Covid-19,22000,Infection à la Covid,86 - Vienne,86,Vienne,10,85 ans et plus,150,86 - Vienne_22000_2022,M
Départements,Homme,12/31/2022,22000-Infection à la Covid-19,22000,Infection à la Covid,41 - Loir-et-Cher,41,Loir-et-Cher,10,85 ans et plus,142,41 - Loir-et-Cher_22000_2022,M
Départements,Homme,12/31/2020,22000-Infection à la Covid-19,22000,Infection à la Covid,86 - Vienne,86,Vienne,1,1 à 4 ans,0,86 - Vienne_22000_2020,M
Départements,Femme,12/31/2021,22000-Infection à la Covid-19,22000,Infection à la Covid,974 - Réunion,974,Réunion,1,1 à 4 ans,0,974 - Réunion_22000_2021,M
Départements,Homme,12/31/2021,22000-Infection à la Covid-19,22000,Infection à la Covid,71 - Saône-et-Loire,71,Saône-et-Loire,1,1 à 4 ans,0,71 - Saône-et-Loire_22000_2021,M
Départements,Homme,12/31/2022,22000-Infection à la Covid-19,22000,Infection à la Covid,25 - Doubs,25,Doubs,2,5 à 14 ans,10,25 - Doubs_22000_2022,M
Départements,Homme,12/31/2021,22000-Infection à la Covid-19,22000,Infection à la Covid,83 - Var,83,Var,3,15 à 24 ans,68,83 - Var_22000_2021,M
Départements,Femme,12/31/2020,22000-Infection à la Covid-19,22000,Infection à la Covid,30 - Gard,30,Gard,3,15 à 24 ans,11,30 - Gard_22000_2020,M
Départements,Femme,12/31/2020,22000-Infection à la Covid-19,22000,Infection à la Covid,88 - Vosges,88,Vosges,3,15 à 24 ans,5,88 - Vosges_22000_2020,M
Départements,Femme,12/31/2022,22000-Infection à la Covid-19,22000,Infection à la Covid,79 - Deux-Sèvres,79,Deux-Sèvres,3,15 à 24 ans,4,79 - Deux-Sèvres_22000_2022,M
Départements,Femme,12/31/2022,22000-Infection à la Covid-19,22000,Infection à la Covid,31 - Haute-Garonne,31,Haute-Garonne,3,15 à 24 ans,66,31 - Haute-Garonne_22000_2022,M
Départements,Homme,12/31/2020,22000-Infection à la Covid-19,22000,Infection à la Covid,49 - Maine-et-Loire,49,Maine-et-Loire,3,15 à 24 ans,11,49 - Maine-et-Loire_22000_2020,M
Départements,Homme,12/31/2021,22000-Infection à la Covid-19,22000,Infection à la Covid,23 - Creuse,23,Creuse,4,25 à 34 ans,3,23 - Creuse_22000_2021,M
Départements,Femme,12/31/2020,22000-Infection à la Covid-19,22000,Infection à la Covid,50 - Manche,50,Manche,4,25 à 34 ans,22,50 - Manche_22000_2020,M
Départements,Homme,12/31/2020,22000-Infection à la Covid-19,22000,Infection à la Covid,73 - Savoie,73,Savoie,4,25 à 34 ans,25,73 - Savoie_22000_2020,M
Départements,Femme,12/31/2022,22000-Infection à la Covid-19,22000,Infection à la Covid,86 - Vienne,86,Vienne,4,25 à 34 ans,17,86 - Vienne_22000_2022,M
Départements,Femme,12/31/2021,22000-Infection à la Covid-19,22000,Infection à la Covid,976 - Mayotte,976,Mayotte,4,25 à 34 ans,14,976 - Mayotte_22000_2021,M
Départements,Femme,12/31/2022,22000-Infection à la Covid-19,22000,Infection à la Covid,94 - Val-de-Marne,94,Val-de-Marne,4,25 à 34 ans,52,94 - Val-de-Marne_22000_2022,M
Départements,Homme,12/31/2020,22000-Infection à la Covid-19,22000,Infection à la Covid,92 - Hauts-de-Seine,92,Hauts-de-Seine,4,25 à 34 ans,130,92 - Hauts-de-Seine_22000_2020,M
Départements,Femme,12/31/2021,22000-Infection à la Covid-19,22000,Infection à la Covid,44 - Loire-Atlantique,44,Loire-Atlantique,4,25 à 34 ans,69,44 - Loire-Atlantique_22000_2021,M
Départements,Homme,12/31/2020,22000-Infection à la Covid-19,22000,Infection à la Covid,83 - Var,83,Var,5,35 à 44 ans,125,83 - Var_22000_2020,M
Départements,Femme,12/31/2021,22000-Infection à la Covid-19,22000,Infection à la Covid,51 - Marne,51,Marne,5,35 à 44 ans,79,51 - Marne_22000_2021,M
Départements,Femme,12/31/2020,22000-Infection à la Covid-19,22000,Infection à la Covid,72 - Sarthe,72,Sarthe,5,35 à 44 ans,56,72 - Sarthe_22000_2020,M
Départements,Homme,12/31/2022,22000-Infection à la Covid-19,22000,Infection à la Covid,39 - Jura,39,Jura,6,45 à 54 ans,16,39 - Jura_22000_2022,M
Départements,Homme,12/31/2021,22000-Infection à la Covid-19,22000,Infection à la Covid,42 - Loire,42,Loire,6,45 à 54 ans,211,42 - Loire_22000_2021,M
Départements,Homme,12/31/2020,22000-Infection à la Covid-19,22000,Infection à la Covid,44 - Loire-Atlantique,44,Loire-Atlantique,6,45 à 54 ans,101,44 - Loire-Atlantique_22000_2020,M
Départements,Homme,12/31/2020,22000-Infection à la Covid-19,22000,Infection à la Covid,13 - Bouches-du-Rhône,13,Bouches-du-Rhône,6,45 à 54 ans,2738,13 - Bouches-du-Rhône_22000_2020,M
Départements,Femme,12/31/2022,22000-Infection à la Covid-19,22000,Infection à la Covid,17 - Charente-Maritime,17,Charente-Maritime,6,45 à 54 ans,41,17 - Charente-Maritime_22000_2022,M
Départements,Femme,12/31/2020,22000-Infection à la Covid-19,22000,Infection à la Covid,93 - Seine-Saint-Denis,93,Seine-Saint-Denis,6,45 à 54 ans,810,93 - Seine-Saint-Denis_22000_2020,M
Départements,Homme,12/31/2020,22000-Infection à la Covid-19,22000,Infection à la Covid,42 - Loire,42,Loire,7,55 à 64 ans,304,42 - Loire_22000_2020,M
Départements,Femme,12/31/2020,22000-Infection à la Covid-19,22000,Infection à la Covid,86 - Vienne,86,Vienne,7,55 à 64 ans,18,86 - Vienne_22000_2020,M
Départements,Femme,12/31/2022,22000-Infection à la Covid-19,22000,Infection à la Covid,33 - Gironde,33,Gironde,7,55 à 64 ans,189,33 - Gironde_22000_2022,M
Départements,Homme,12/31/2021,22000-Infection à la Covid-19,22000,Infection à la Covid,85 - Vendée,85,Vendée,7,55 à 64 ans,163,85 - Vendée_22000_2021,M
Départements,Femme,12/31/2020,22000-Infection à la Covid-19,22000,Infection à la Covid,70 - Haute-Saône,70,Haute-Saône,7,55 à 64 ans,62,70 - Haute-Saône_22000_2020,M
Départements,Homme,12/31/2020,22000-Infection à la Covid-19,22000,Infection à la Covid,77 - Seine-et-Marne,77,Seine-et-Marne,7,55 à 64 ans,713,77 - Seine-et-Marne_22000_2020,M
Départements,Homme,12/31/2021,22000-Infection à la Covid-19,22000,Infection à la Covid,10 - Aube,10,Aube,8,65 à 74 ans,132,10 - Aube_22000_2021,M
Départements,Femme,12/31/2022,22000-Infection à la Covid-19,22000,Infection à la Covid,59 - Nord,59,Nord,8,65 à 74 ans,636,59 - Nord_22000_2022,M
Départements,Femme,12/31/2021,22000-Infection à la Covid-19,22000,Infection à la Covid,61 - Orne,61,Orne,8,65 à 74 ans,122,61 - Orne_22000_2021,M
Départements,Femme,12/31/2020,22000-Infection à la Covid-19,22000,Infection à la Covid,16 - Charente,16,Charente,8,65 à 74 ans,23,16 - Charente_22000_2020,M
Départements,Femme,12/31/2020,22000-Infection à la Covid-19,22000,Infection à la Covid,70 - Haute-Saône,70,Haute-Saône,8,65 à 74 ans,79,70 - Haute-Saône_22000_2020,M
Départements,Femme,12/31/2022,22000-Infection à la Covid-19,22000,Infection à la Covid,31 - Haute-Garonne,31,Haute-Garonne,8,65 à 74 ans,215,31 - Haute-Garonne_22000_2022,M
Départements,Femme,12/31/2022,22000-Infection à la Covid-19,22000,Infection à la Covid,46 - Lot,46,Lot,9,75 à 84 ans,57,46 - Lot_22000_2022,M
Départements,Homme,12/31/2020,22000-Infection à la Covid-19,22000,Infection à la Covid,61 - Orne,61,Orne,9,75 à 84 ans,130,61 - Orne_22000_2020,M
Départements,Femme,12/31/2020,22000-Infection à la Covid-19,22000,Infection à la Covid,52 - Haute-Marne,52,Haute-Marne,9,75 à 84 ans,79,52 - Haute-Marne_22000_2020,M
Départements,Femme,12/31/2021,22000-Infection à la Covid-19,22000,Infection à la Covid,971 - Guadeloupe,971,Guadeloupe,9,75 à 84 ans,259,971 - Guadeloupe_22000_2021,M
Départements,Femme,12/31/2021,22000-Infection à la Covid-19,22000,Infection à la Covid,83 - Var,83,Var,0,Moins d'un an,32,83 - Var_22000_2021,M
Départements,Femme,12/31/2020,22000-Infection à la Covid-19,22000,Infection à la Covid,89 - Yonne,89,Yonne,0,Moins d'un an,0,89 - Yonne_22000_2020,M
Départements,Homme,12/31/2021,22000-Infection à la Covid-19,22000,Infection à la Covid,40 - Landes,40,Landes,0,Moins d'un an,0,40 - Landes_22000_2021,M
Départements,Femme,12/31/2021,22000-Infection à la Covid-19,22000,Infection à la Covid,50 - Manche,50,Manche,0,Moins d'un an,6,50 - Manche_22000_2021,M
Départements,Homme,12/31/2020,22000-Infection à la Covid-19,22000,Infection à la Covid,91 - Essonne,91,Essonne,0,Moins d'un an,30,91 - Essonne_22000_2020,M
Départements,Homme,12/31/2021,22000-Infection à la Covid-19,22000,Infection à la Covid,56 - Morbihan,56,Morbihan,0,Moins d'un an,5,56 - Morbihan_22000_2021,M
Départements,Homme,12/31/2022,22000-Infection à la Covid-19,22000,Infection à la Covid,70 - Haute-Saône,70,Haute-Saône,0,Moins d'un an,19,70 - Haute-Saône_22000_2022,M
Départements,Femme,12/31/2021,22000-Infection à la Covid-19,22000,Infection à la Covid,94 - Val-de-Marne,94,Val-de-Marne,0,Moins d'un an,45,94 - Val-de-Marne_22000_2021,M
Départements,Femme,12/31/2022,22000-Infection à la Covid-19,22000,Infection à la Covid,22 - Côtes-d'Armor,22,Côtes-d'Armor,0,Moins d'un an,44,22 - Côtes-d'Armor_22000_2022,M
Départements,Homme,12/31/2020,22000-Infection à la Covid-19,22000,Infection à la Covid,93 - Seine-Saint-Denis,93,Seine-Saint-Denis,0,Moins d'un an,52,93 - Seine-Saint-Denis_22000_2020,M
Départements,Homme,12/31/2020,22000-Infection à la Covid-19,22000,Infection à la Covid,73 - Savoie,73,Savoie,10,85 ans et plus,161,73 - Savoie_22000_2020,M
Départements,Femme,12/31/2022,22000-Infection à la Covid-19,22000,Infection à la Covid,73 - Savoie,73,Savoie,10,85 ans et plus,350,73 - Savoie_22000_2022,M
Départements,Homme,12/31/2020,22000-Infection à la Covid-19,22000,Infection à la Covid,88 - Vosges,88,Vosges,10,85 ans et plus,188,88 - Vosges_22000_2020,M
Départements,Homme,12/31/2022,22000-Infection à la Covid-19,22000,Infection à la Covid,31 - Haute-Garonne,31,Haute-Garonne,10,85 ans et plus,451,31 - Haute-Garonne_22000_2022,M
Départements,Femme,12/31/2021,22000-Infection à la Covid-19,22000,Infection à la Covid,71 - Saône-et-Loire,71,Saône-et-Loire,10,85 ans et plus,347,71 - Saône-et-Loire_22000_2021,M
Départements,Femme,12/31/2021,22000-Infection à la Covid-19,22000,Infection à la Covid,93 - Seine-Saint-Denis,93,Seine-Saint-Denis,10,85 ans et plus,589,93 - Seine-Saint-Denis_22000_2021,M
Départements,Femme,12/31/2021,22000-Infection à la Covid-19,22000,Infection à la Covid,39 - Jura,39,Jura,1,1 à 4 ans,0,39 - Jura_22000_2021,M
Départements,Homme,12/31/2022,22000-Infection à la Covid-19,22000,Infection à la Covid,61 - Orne,61,Orne,1,1 à 4 ans,19,61 - Orne_22000_2022,M
Départements,Homme,12/31/2020,22000-Infection à la Covid-19,22000,Infection à la Covid,45 - Loiret,45,Loiret,1,1 à 4 ans,4,45 - Loiret_22000_2020,M
Départements,Homme,12/31/2021,22000-Infection à la Covid-19,22000,Infection à la Covid,88 - Vosges,88,Vosges,1,1 à 4 ans,0,88 - Vosges_22000_2021,M
Départements,Homme,12/31/2022,22000-Infection à la Covid-19,22000,Infection à la Covid,974 - Réunion,974,Réunion,1,1 à 4 ans,19,974 - Réunion_22000_2022,M
Départements,Homme,12/31/2021,22000-Infection à la Covid-19,22000,Infection à la Covid,09 - Ariège,9,Ariège,2,5 à 14 ans,0,09 - Ariège_22000_2021,M
Départements,Homme,12/31/2021,22000-Infection à la Covid-19,22000,Infection à la Covid,07 - Ardèche,7,Ardèche,2,5 à 14 ans,0,07 - Ardèche_22000_2021,M
Départements,Homme,12/31/2020,22000-Infection à la Covid-19,22000,Infection à la Covid,74 - Haute-Savoie,74,Haute-Savoie,2,5 à 14 ans,4,74 - Haute-Savoie_22000_2020,M
Départements,Homme,12/31/2021,22000-Infection à la Covid-19,22000,Infection à la Covid,37 - Indre-et-Loire,37,Indre-et-Loire,2,5 à 14 ans,0,37 - Indre-et-Loire_22000_2021,M
Départements,Homme,12/31/2020,22000-Infection à la Covid-19,22000,Infection à la Covid,44 - Loire-Atlantique,44,Loire-Atlantique,2,5 à 14 ans,0,44 - Loire-Atlantique_22000_2020,M
Départements,Femme,12/31/2020,22000-Infection à la Covid-19,22000,Infection à la Covid,65 - Hautes-Pyrénées,65,Hautes-Pyrénées,2,5 à 14 ans,0,65 - Hautes-Pyrénées_22000_2020,M
Départements,Homme,12/31/2020,22000-Infection à la Covid-19,22000,Infection à la Covid,83 - Var,83,Var,3,15 à 24 ans,42,83 - Var_22000_2020,M
Départements,Homme,12/31/2020,22000-Infection à la Covid-19,22000,Infection à la Covid,25 - Doubs,25,Doubs,3,15 à 24 ans,13,25 - Doubs_22000_2020,M
Départements,Homme,12/31/2021,22000-Infection à la Covid-19,22000,Infection à la Covid,12 - Aveyron,12,Aveyron,3,15 à 24 ans,10,12 - Aveyron_22000_2021,M
Départements,Homme,12/31/2021,22000-Infection à la Covid-19,22000,Infection à la Covid,24 - Dordogne,24,Dordogne,3,15 à 24 ans,10,24 - Dordogne_22000_2021,M
Départements,Femme,12/31/2022,22000-Infection à la Covid-19,22000,Infection à la Covid,84 - Vaucluse,84,Vaucluse,3,15 à 24 ans,21,84 - Vaucluse_22000_2022,M
Départements,Homme,12/31/2020,22000-Infection à la Covid-19,22000,Infection à la Covid,04 - Alpes-de-Haute-Provence,4,Alpes-de-Haute-Provence,3,15 à 24 ans,6,04 - Alpes-de-Haute-Provence_22000_2020,M
Départements,Femme,12/31/2020,22000-Infection à la Covid-19,22000,Infection à la Covid,01 - Ain,1,Ain,4,25 à 34 ans,22,01 - Ain_22000_2020,M
Départements,Femme,12/31/2021,22000-Infection à la Covid-19,22000,Infection à la Covid,33 - Gironde,33,Gironde,4,25 à 34 ans,143,33 - Gironde_22000_2021,M
Départements,Homme,12/31/2020,22000-Infection à la Covid-19,22000,Infection à la Covid,29 - Finistère,29,Finistère,4,25 à 34 ans,12,29 - Finistère_22000_2020,M
Départements,Femme,12/31/2020,22000-Infection à la Covid-19,22000,Infection à la Covid,06 - Alpes-Maritimes,6,Alpes-Maritimes,4,25 à 34 ans,52,06 - Alpes-Maritimes_22000_2020,M
Départements,Homme,12/31/2022,22000-Infection à la Covid-19,22000,Infection à la Covid,46 - Lot,46,Lot,5,35 à 44 ans,3,46 - Lot_22000_2022,M
Départements,Femme,12/31/2020,22000-Infection à la Covid-19,22000,Infection à la Covid,10 - Aube,10,Aube,5,35 à 44 ans,20,10 - Aube_22000_2020,M
Départements,Femme,12/31/2022,22000-Infection à la Covid-19,22000,Infection à la Covid,30 - Gard,30,Gard,5,35 à 44 ans,31,30 - Gard_22000_2022,M
Départements,Homme,12/31/2021,22000-Infection à la Covid-19,22000,Infection à la Covid,61 - Orne,61,Orne,5,35 à 44 ans,32,61 - Orne_22000_2021,M
Départements,Homme,12/31/2020,22000-Infection à la Covid-19,22000,Infection à la Covid,75 - Paris,75,Paris,5,35 à 44 ans,388,75 - Paris_22000_2020,M
Départements,Homme,12/31/2020,22000-Infection à la Covid-19,22000,Infection à la Covid,15 - Cantal,15,Cantal,5,35 à 44 ans,0,15 - Cantal_22000_2020,M
Départements,Femme,12/31/2020,22000-Infection à la Covid-19,22000,Infection à la Covid,19 - Corrèze,19,Corrèze,5,35 à 44 ans,19,19 - Corrèze_22000_2020,M
Départements,Homme,12/31/2020,22000-Infection à la Covid-19,22000,Infection à la Covid,41 - Loir-et-Cher,41,Loir-et-Cher,5,35 à 44 ans,20,41 - Loir-et-Cher_22000_2020,M
Départements,Femme,12/31/2020,22000-Infection à la Covid-19,22000,Infection à la Covid,02 - Aisne,2,Aisne,6,45 à 54 ans,144,02 - Aisne_22000_2020,M
Départements,Homme,12/31/2022,22000-Infection à la Covid-19,22000,Infection à la Covid,12 - Aveyron,12,Aveyron,6,45 à 54 ans,40,12 - Aveyron_22000_2022,M
Départements,Femme,12/31/2020,22000-Infection à la Covid-19,22000,Infection à la Covid,24 - Dordogne,24,Dordogne,6,45 à 54 ans,24,24 - Dordogne_22000_2020,M
Départements,Homme,12/31/2022,22000-Infection à la Covid-19,22000,Infection à la Covid,971 - Guadeloupe,971,Guadeloupe,6,45 à 54 ans,40,971 - Guadeloupe_22000_2022,M
Départements,Homme,12/31/2022,22000-Infection à la Covid-19,22000,Infection à la Covid,76 - Seine-Maritime,76,Seine-Maritime,6,45 à 54 ans,113,76 - Seine-Maritime_22000_2022,M
Départements,Femme,12/31/2020,22000-Infection à la Covid-19,22000,Infection à la Covid,66 - Pyrénées-Orientales,66,Pyrénées-Orientales,6,45 à 54 ans,56,66 - Pyrénées-Orientales_22000_2020,M
Départements,Femme,12/31/2022,22000-Infection à la Covid-19,22000,Infection à la Covid,10 - Aube,10,Aube,7,55 à 64 ans,38,10 - Aube_22000_2022,M
Départements,Femme,12/31/2021,22000-Infection à la Covid-19,22000,Infection à la Covid,40 - Landes,40,Landes,7,55 à 64 ans,43,40 - Landes_22000_2021,M
Départements,Femme,12/31/2021,22000-Infection à la Covid-19,22000,Infection à la Covid,91 - Essonne,91,Essonne,7,55 à 64 ans,461,91 - Essonne_22000_2021,M
Départements,Femme,12/31/2020,22000-Infection à la Covid-19,22000,Infection à la Covid,08 - Ardennes,8,Ardennes,7,55 à 64 ans,39,08 - Ardennes_22000_2020,M
Départements,Femme,12/31/2022,22000-Infection à la Covid-19,22000,Infection à la Covid,44 - Loire-Atlantique,44,Loire-Atlantique,7,55 à 64 ans,108,44 - Loire-Atlantique_22000_2022,M
Départements,Femme,12/31/2021,22000-Infection à la Covid-19,22000,Infection à la Covid,17 - Charente-Maritime,17,Charente-Maritime,7,55 à 64 ans,75,17 - Charente-Maritime_22000_2021,M
Départements,Femme,12/31/2021,22000-Infection à la Covid-19,22000,Infection à la Covid,93 - Seine-Saint-Denis,93,Seine-Saint-Denis,7,55 à 64 ans,1016,93 - Seine-Saint-Denis_22000_2021,M
Départements,Femme,12/31/2022,22000-Infection à la Covid-19,22000,Infection à la Covid,25 - Doubs,25,Doubs,8,65 à 74 ans,120,25 - Doubs_22000_2022,M
Départements,Femme,12/31/2021,22000-Infection à la Covid-19,22000,Infection à la Covid,89 - Yonne,89,Yonne,8,65 à 74 ans,149,89 - Yonne_22000_2021,M
Départements,Homme,12/31/2021,22000-Infection à la Covid-19,22000,Infection à la Covid,03 - Allier,3,Allier,8,65 à 74 ans,153,03 - Allier_22000_2021,M
Départements,Homme,12/31/2022,22000-Infection à la Covid-19,22000,Infection à la Covid,03 - Allier,3,Allier,8,65 à 74 ans,136,03 - Allier_22000_2022,M
Départements,Homme,12/31/2021,22000-Infection à la Covid-19,22000,Infection à la Covid,86 - Vienne,86,Vienne,8,65 à 74 ans,126,86 - Vienne_22000_2021,M
Départements,Homme,12/31/2021,22000-Infection à la Covid-19,22000,Infection à la Covid,33 - Gironde,33,Gironde,8,65 à 74 ans,532,33 - Gironde_22000_2021,M
Départements,Femme,12/31/2021,22000-Infection à la Covid-19,22000,Infection à la Covid,85 - Vendée,85,Vendée,8,65 à 74 ans,160,85 - Vendée_22000_2021,M
Départements,Homme,12/31/2022,22000-Infection à la Covid-19,22000,Infection à la Covid,85 - Vendée,85,Vendée,8,65 à 74 ans,228,85 - Vendée_22000_2022,M
Départements,Homme,12/31/2022,22000-Infection à la Covid-19,22000,Infection à la Covid,78 - Yvelines,78,Yvelines,8,65 à 74 ans,267,78 - Yvelines_22000_2022,M
Départements,Homme,12/31/2022,22000-Infection à la Covid-19,22000,Infection à la Covid,83 - Var,83,Var,9,75 à 84 ans,761,83 - Var_22000_2022,M
Départements,Femme,12/31/2022,22000-Infection à la Covid-19,22000,Infection à la Covid,60 - Oise,60,Oise,9,75 à 84 ans,233,60 - Oise_22000_2022,M
Départements,Homme,12/31/2022,22000-Infection à la Covid-19,22000,Infection à la Covid,42 - Loire,42,Loire,9,75 à 84 ans,433,42 - Loire_22000_2022,M
Départements,Homme,12/31/2022,22000-Infection à la Covid-19,22000,Infection à la Covid,971 - Guadeloupe,971,Guadeloupe,9,75 à 84 ans,167,971 - Guadeloupe_22000_2022,M
Départements,Femme,12/31/2022,22000-Infection à la Covid-19,22000,Infection à la Covid,971 - Guadeloupe,971,Guadeloupe,9,75 à 84 ans,149,971 - Guadeloupe_22000_2022,M
Départements,Homme,12/31/2022,22000-Infection à la Covid-19,22000,Infection à la Covid,74 - Haute-Savoie,74,Haute-Savoie,9,75 à 84 ans,376,74 - Haute-Savoie_22000_2022,M
Départements,Homme,12/31/2021,22000-Infection à la Covid-19,22000,Infection à la Covid,94 - Val-de-Marne,94,Val-de-Marne,9,75 à 84 ans,648,94 - Val-de-Marne_22000_2021,M
Départements,Femme,12/31/2022,22000-Infection à la Covid-19,22000,Infection à la Covid,90 - Territoire de Belfort,90,Territoire de Belfort,9,75 à 84 ans,38,90 - Territoire de Belfort_22000_2022,M
Départements,Homme,12/31/2021,22000-Infection à la Covid-19,22000,Infection à la Covid,11 - Aude,11,Aude,0,Moins d'un an,9,11 - Aude_22000_2021,M
Départements,Femme,12/31/2020,22000-Infection à la Covid-19,22000,Infection à la Covid,42 - Loire,42,Loire,0,Moins d'un an,9,42 - Loire_22000_2020,M
Départements,Homme,12/31/2021,22000-Infection à la Covid-19,22000,Infection à la Covid,26 - Drôme,26,Drôme,0,Moins d'un an,17,26 - Drôme_22000_2021,M
Départements,Femme,12/31/2020,22000-Infection à la Covid-19,22000,Infection à la Covid,50 - Manche,50,Manche,0,Moins d'un an,0,50 - Manche_22000_2020,M
Départements,Femme,12/31/2020,22000-Infection à la Covid-19,22000,Infection à la Covid,48 - Lozère,48,Lozère,0,Moins d'un an,0,48 - Lozère_22000_2020,M
Départements,Femme,12/31/2020,22000-Infection à la Covid-19,22000,Infection à la Covid,29 - Finistère,29,Finistère,0,Moins d'un an,0,29 - Finistère_22000_2020,M
Départements,Femme,12/31/2021,22000-Infection à la Covid-19,22000,Infection à la Covid,77 - Seine-et-Marne,77,Seine-et-Marne,0,Moins d'un an,39,77 - Seine-et-Marne_22000_2021,M
Départements,Homme,12/31/2020,22000-Infection à la Covid-19,22000,Infection à la Covid,83 - Var,83,Var,10,85 ans et plus,257,83 - Var_22000_2020,M
Départements,Homme,12/31/2022,22000-Infection à la Covid-19,22000,Infection à la Covid,11 - Aude,11,Aude,10,85 ans et plus,198,11 - Aude_22000_2022,M
Départements,Homme,12/31/2021,22000-Infection à la Covid-19,22000,Infection à la Covid,60 - Oise,60,Oise,10,85 ans et plus,248,60 - Oise_22000_2021,M
Départements,Homme,12/31/2022,22000-Infection à la Covid-19,22000,Infection à la Covid,25 - Doubs,25,Doubs,10,85 ans et plus,248,25 - Doubs_22000_2022,M
Départements,Homme,12/31/2022,22000-Infection à la Covid-19,22000,Infection à la Covid,76 - Seine-Maritime,76,Seine-Maritime,10,85 ans et plus,469,76 - Seine-Maritime_22000_2022,M
Départements,Homme,12/31/2020,22000-Infection à la Covid-19,22000,Infection à la Covid,51 - Marne,51,Marne,1,1 à 4 ans,0,51 - Marne_22000_2020,M
Départements,Femme,12/31/2022,22000-Infection à la Covid-19,22000,Infection à la Covid,26 - Drôme,26,Drôme,1,1 à 4 ans,16,26 - Drôme_22000_2022,M
Départements,Homme,12/31/2020,22000-Infection à la Covid-19,22000,Infection à la Covid,50 - Manche,50,Manche,1,1 à 4 ans,0,50 - Manche_22000_2020,M
Départements,Femme,12/31/2021,22000-Infection à la Covid-19,22000,Infection à la Covid,12 - Aveyron,12,Aveyron,1,1 à 4 ans,0,12 - Aveyron_22000_2021,M
Départements,Femme,12/31/2021,22000-Infection à la Covid-19,22000,Infection à la Covid,28 - Eure-et-Loir,28,Eure-et-Loir,1,1 à 4 ans,0,28 - Eure-et-Loir_22000_2021,M
Départements,Femme,12/31/2020,22000-Infection à la Covid-19,22000,Infection à la Covid,74 - Haute-Savoie,74,Haute-Savoie,1,1 à 4 ans,0,74 - Haute-Savoie_22000_2020,M
Départements,Homme,12/31/2020,22000-Infection à la Covid-19,22000,Infection à la Covid,06 - Alpes-Maritimes,6,Alpes-Maritimes,1,1 à 4 ans,0,06 - Alpes-Maritimes_22000_2020,M
Départements,Femme,12/31/2021,22000-Infection à la Covid-19,22000,Infection à la Covid,44 - Loire-Atlantique,44,Loire-Atlantique,1,1 à 4 ans,0,44 - Loire-Atlantique_22000_2021,M
Départements,Homme,12/31/2021,22000-Infection à la Covid-19,22000,Infection à la Covid,10 - Aube,10,Aube,2,5 à 14 ans,5,10 - Aube_22000_2021,M
Départements,Femme,12/31/2020,22000-Infection à la Covid-19,22000,Infection à la Covid,36 - Indre,36,Indre,2,5 à 14 ans,0,36 - Indre_22000_2020,M
Départements,Homme,12/31/2022,22000-Infection à la Covid-19,22000,Infection à la Covid,58 - Nièvre,58,Nièvre,2,5 à 14 ans,0,58 - Nièvre_22000_2022,M
Départements,Homme,12/31/2021,22000-Infection à la Covid-19,22000,Infection à la Covid,24 - Dordogne,24,Dordogne,2,5 à 14 ans,0,24 - Dordogne_22000_2021,M
Départements,Femme,12/31/2020,22000-Infection à la Covid-19,22000,Infection à la Covid,56 - Morbihan,56,Morbihan,2,5 à 14 ans,0,56 - Morbihan_22000_2020,M
Départements,Femme,12/31/2021,22000-Infection à la Covid-19,22000,Infection à la Covid,22 - Côtes-d'Armor,22,Côtes-d'Armor,2,5 à 14 ans,0,22 - Côtes-d'Armor_22000_2021,M
Départements,Homme,12/31/2020,22000-Infection à la Covid-19,22000,Infection à la Covid,17 - Charente-Maritime,17,Charente-Maritime,2,5 à 14 ans,0,17 - Charente-Maritime_22000_2020,M
Départements,Femme,12/31/2022,22000-Infection à la Covid-19,22000,Infection à la Covid,32 - Gers,32,Gers,3,15 à 24 ans,0,32 - Gers_22000_2022,M
Départements,Femme,12/31/2021,22000-Infection à la Covid-19,22000,Infection à la Covid,25 - Doubs,25,Doubs,3,15 à 24 ans,10,25 - Doubs_22000_2021,M
Départements,Femme,12/31/2020,22000-Infection à la Covid-19,22000,Infection à la Covid,48 - Lozère,48,Lozère,3,15 à 24 ans,0,48 - Lozère_22000_2020,M
Départements,Femme,12/31/2020,22000-Infection à la Covid-19,22000,Infection à la Covid,43 - Haute-Loire,43,Haute-Loire,3,15 à 24 ans,0,43 - Haute-Loire_22000_2020,M
Départements,Homme,12/31/2021,22000-Infection à la Covid-19,22000,Infection à la Covid,70 - Haute-Saône,70,Haute-Saône,3,15 à 24 ans,0,70 - Haute-Saône_22000_2021,M
Départements,Femme,12/31/2021,22000-Infection à la Covid-19,22000,Infection à la Covid,49 - Maine-et-Loire,49,Maine-et-Loire,3,15 à 24 ans,23,49 - Maine-et-Loire_22000_2021,M
Départements,Femme,12/31/2022,22000-Infection à la Covid-19,22000,Infection à la Covid,35 - Ille-et-Vilaine,35,Ille-et-Vilaine,3,15 à 24 ans,50,35 - Ille-et-Vilaine_22000_2022,M
Départements,Femme,12/31/2022,22000-Infection à la Covid-19,22000,Infection à la Covid,83 - Var,83,Var,4,25 à 34 ans,94,83 - Var_22000_2022,M
Départements,Homme,12/31/2022,22000-Infection à la Covid-19,22000,Infection à la Covid,02 - Aisne,2,Aisne,4,25 à 34 ans,40,02 - Aisne_22000_2022,M
Départements,Femme,12/31/2021,22000-Infection à la Covid-19,22000,Infection à la Covid,2B - Haute-Corse,,Haute-Corse,4,25 à 34 ans,5,2B - Haute-Corse_22000_2021,M
Départements,Homme,12/31/2020,22000-Infection à la Covid-19,22000,Infection à la Covid,90 - Territoire de Belfort,90,Territoire de Belfort,4,25 à 34 ans,7,90 - Territoire de Belfort_22000_2020,M
Départements,Femme,12/31/2021,22000-Infection à la Covid-19,22000,Infection à la Covid,36 - Indre,36,Indre,5,35 à 44 ans,17,36 - Indre_22000_2021,M
Départements,Femme,12/31/2021,22000-Infection à la Covid-19,22000,Infection à la Covid,53 - Mayenne,53,Mayenne,5,35 à 44 ans,16,53 - Mayenne_22000_2021,M
Départements,Homme,12/31/2021,22000-Infection à la Covid-19,22000,Infection à la Covid,58 - Nièvre,58,Nièvre,5,35 à 44 ans,29,58 - Nièvre_22000_2021,M
Départements,Femme,12/31/2022,22000-Infection à la Covid-19,22000,Infection à la Covid,16 - Charente,16,Charente,5,35 à 44 ans,12,16 - Charente_22000_2022,M
Départements,Femme,12/31/2020,22000-Infection à la Covid-19,22000,Infection à la Covid,65 - Hautes-Pyrénées,65,Hautes-Pyrénées,5,35 à 44 ans,5,65 - Hautes-Pyrénées_22000_2020,M
Départements,Homme,12/31/2020,22000-Infection à la Covid-19,22000,Infection à la Covid,01 - Ain,1,Ain,6,45 à 54 ans,174,01 - Ain_22000_2020,M
Départements,Femme,12/31/2021,22000-Infection à la Covid-19,22000,Infection à la Covid,83 - Var,83,Var,6,45 à 54 ans,399,83 - Var_22000_2021,M
Départements,Femme,12/31/2020,22000-Infection à la Covid-19,22000,Infection à la Covid,41 - Loir-et-Cher,41,Loir-et-Cher,6,45 à 54 ans,23,41 - Loir-et-Cher_22000_2020,M
Départements,Homme,12/31/2021,22000-Infection à la Covid-19,22000,Infection à la Covid,87 - Haute-Vienne,87,Haute-Vienne,6,45 à 54 ans,82,87 - Haute-Vienne_22000_2021,M
Départements,Homme,12/31/2021,22000-Infection à la Covid-19,22000,Infection à la Covid,66 - Pyrénées-Orientales,66,Pyrénées-Orientales,6,45 à 54 ans,96,66 - Pyrénées-Orientales_22000_2021,M
Départements,Homme,12/31/2022,22000-Infection à la Covid-19,22000,Infection à la Covid,55 - Meuse,55,Meuse,7,55 à 64 ans,36,55 - Meuse_22000_2022,M
Départements,Femme,12/31/2020,22000-Infection à la Covid-19,22000,Infection à la Covid,971 - Guadeloupe,971,Guadeloupe,7,55 à 64 ans,95,971 - Guadeloupe_22000_2020,M
Départements,Homme,12/31/2021,22000-Infection à la Covid-19,22000,Infection à la Covid,28 - Eure-et-Loir,28,Eure-et-Loir,7,55 à 64 ans,155,28 - Eure-et-Loir_22000_2021,M
Départements,Femme,12/31/2020,22000-Infection à la Covid-19,22000,Infection à la Covid,47 - Lot-et-Garonne,47,Lot-et-Garonne,7,55 à 64 ans,27,47 - Lot-et-Garonne_22000_2020,M
Départements,Femme,12/31/2022,22000-Infection à la Covid-19,22000,Infection à la Covid,54 - Meurthe-et-Moselle,54,Meurthe-et-Moselle,7,55 à 64 ans,103,54 - Meurthe-et-Moselle_22000_2022,M